YEAR,UPC,PRODUCT TYPE,DOLLARS,UNITS
2011,00-01-28400-05160,TORTILLA CHIP,366695.41,113438
2012,00-01-28400-05160,TORTILLA CHIP,344695.43,106471
2012,00-01-15665-77045,RICE AND CORN SNACK,330911.47,52503
2011,00-01-15665-77045,RICE AND CORN SNACK,305624.76,50971
2012,00-03-41262-27213,ASTSS SALTED SNACKS,302363.46,47952
2011,00-03-41262-27213,ASTSS SALTED SNACKS,288188.53,45624
2011,00-01-77975-08006,PRETZEL,274324.28,96996
2012,00-01-77975-08006,PRETZEL,271402.31,93936
2011,00-02-15665-60100,RICE AND CORN SNACK,250562.33,91842
2012,00-02-15665-60100,RICE AND CORN SNACK,244697.37,90035
2011,00-01-28400-02333,PRETZEL,244617.14,91751
2011,00-01-77975-08004,PRETZEL,232640.12,82331
2012,00-01-77975-08004,PRETZEL,223364.06,77665
2012,00-02-28400-01109,RTE POPCORN,218778.79,52695
2011,00-02-28400-01109,RTE POPCORN,216994.01,54975
2012,00-01-28400-02333,PRETZEL,213874.66,75677
2012,00-01-77975-08009,PRETZEL,175426.57,61005
2011,00-01-77975-08009,PRETZEL,172402.66,61111
2012,00-01-77975-08007,PRETZEL,166010.7,58162
2011,00-01-77975-08007,PRETZEL,162957.33,58117
2011,00-01-72600-00584,TORTILLA CHIP,150995.89,61848
2011,00-01-72600-00562,TORTILLA CHIP,147217.31,60913
2012,00-04-41780-00281,PRETZEL,145415.82,53771
2012,00-04-77975-02248,PRETZEL,144747.96,52968
2011,00-03-72600-00662,POTATO CHIP,144569.9,58861
2012,00-01-72600-00562,TORTILLA CHIP,142837.87,56004
2011,00-04-41780-00281,PRETZEL,141419.02,54355
2011,00-04-77975-02248,PRETZEL,140148.0,55801
2012,00-01-28400-01775,TORTILLA CHIP,138030.96,33313
2011,00-01-28400-01775,TORTILLA CHIP,137800.92,35046
2011,00-02-77817-11150,PRETZEL,136720.06,47729
2012,00-03-72600-00662,POTATO CHIP,136019.35,54099
2012,00-01-72600-00584,TORTILLA CHIP,133871.53,51768
2011,00-01-41262-27620,ASTSS SALTED SNACKS,133635.37,12940
2012,00-02-77817-11150,PRETZEL,133499.88,42967
2012,00-01-41262-27620,ASTSS SALTED SNACKS,133049.86000000002,12897
2011,00-02-77817-10930,PRETZEL,131782.65,53786
2011,00-03-72600-00680,POTATO CHIP,129947.14,52395
2012,00-02-77817-10930,PRETZEL,127741.58,48859
2012,00-03-72600-00680,POTATO CHIP,125392.1,49746
2012,00-01-77975-08003,PRETZEL,122229.15,42710
2011,00-01-77975-08003,PRETZEL,120653.69,42784
2012,00-03-77975-02225,PRETZEL,119261.94,45285
2011,00-03-77975-02275,PRETZEL,118168.34,39083
2012,00-03-77975-02275,PRETZEL,116457.43,36935
2011,00-01-16000-15990,SNACK MIX,116363.01,47697
2012,00-01-16000-15990,SNACK MIX,115704.39,45995
2011,00-01-77975-08005,PRETZEL,114215.31,40673
2011,00-03-77975-02225,PRETZEL,109464.15,43786
2012,00-01-77975-02003,PRETZEL,108471.67,40948
2012,00-01-77975-08005,PRETZEL,107774.29,37807
2011,00-01-16000-15980,SNACK MIX,104257.49,30196
2011,00-03-41780-00261,PRETZEL,100406.0,38603
2012,00-06-77975-02237,PRETZEL,99320.47,36778
2011,00-06-77975-02237,PRETZEL,98106.72,38799
2011,00-01-77975-02003,PRETZEL,96330.49,38442
2012,00-02-41780-00068,POTATO CHIP,91233.96,34738
2011,00-02-41780-00068,POTATO CHIP,89795.87,35271
2011,00-01-77975-08008,PRETZEL,88878.06999999999,31807
2012,00-01-16000-15980,SNACK MIX,88550.46,24391
2012,00-01-77975-08008,PRETZEL,88404.8,31315
2011,00-03-72600-00661,POTATO CHIP,87901.12,36195
2012,00-01-41780-00223,PRETZEL,87559.21,13647
2011,00-01-41780-00223,PRETZEL,86329.77,13702
2011,00-02-77817-10580,PRETZEL,85380.99,28380
2012,00-03-72600-00661,POTATO CHIP,84909.95,34211
2012,00-01-41262-27304,ONION SALTED SNACK,83730.2,42192
2011,00-02-77817-12493,PRETZEL,83286.9,27650
2011,00-02-77817-10700,PRETZEL,83224.33,27628
2012,00-02-77817-10700,PRETZEL,81721.16,26296
2011,00-01-28400-05181,POTATO CHIP,79652.39,19973
2011,00-05-41780-00266,PRETZEL,75602.13,28706
2011,00-01-77817-14215,RTE POPCORN,73428.59,26650
2012,00-01-77975-08215,PRETZEL,73328.77,19098
2011,00-01-77975-08215,PRETZEL,73293.34,18949
2011,00-01-84114-10812,POTATO CHIP,72249.34,23171
2012,00-01-28400-00227,POTATO CHIP,70584.84,35474
2012,00-02-15665-22030,CHEESE SNACK,70138.7,25156
2011,00-01-77975-08216,PRETZEL,68082.64,17617
2011,00-01-41262-27304,ONION SALTED SNACK,67970.62,34098
2012,00-01-84114-10812,POTATO CHIP,66677.03,21499
2012,00-05-41780-00266,PRETZEL,66675.59,24388
2011,00-01-28400-05179,POTATO CHIP,66344.7,16638
2012,00-01-41780-00246,PRETZEL,65557.46,24152
2012,00-01-15839-02020,TORTILLA CHIP,65170.86,14210
2012,00-01-77975-08216,PRETZEL,64873.89,16963
2011,00-01-77975-08161,TORTILLA CHIP,64703.21,22005
2011,00-01-41780-00246,PRETZEL,63196.01,24213
2011,00-02-72600-00867,PRETZEL,62657.14,9193
2012,00-01-28400-05181,POTATO CHIP,61769.99,15512
2012,00-01-37600-35455,TORTILLA CHIP,60085.17,29690
2011,00-01-77817-12776,PRETZEL,59497.76,17322
2011,00-01-16000-28370,CORN SNACK,59471.28,22332
2011,00-01-77975-02499,PRETZEL,59330.38,23602
2011,00-01-77975-02509,PRETZEL,59078.22,21087
2012,00-01-16000-15840,SNACK MIX,58631.68,24006
2012,00-01-16000-28370,CORN SNACK,58301.93,22143
2011,00-03-41780-00291,PRETZEL,58056.6,22255
2012,00-01-77975-02499,PRETZEL,56512.88,21371
2011,00-03-15839-00001,TORTILLA CHIP,56152.28,18749
2012,06-01-78523-04006,PRETZEL,55678.78,8302
2011,00-01-72600-00524,PRETZEL,54785.12,24298
2011,00-01-28400-04024,CHEESE SNACK,54664.8,13872
2012,00-01-77975-08217,PRETZEL,54253.82,14181
2011,00-01-77975-08162,TORTILLA CHIP,53876.86,18230
2012,07-02-28229-12347,VEGETABLE CHIP,53859.72,12675
2011,00-01-77975-08217,PRETZEL,53735.840000000004,13940
2011,07-02-28229-12347,VEGETABLE CHIP,53709.54,12898
2012,00-01-28400-04024,CHEESE SNACK,53551.61,12958
2012,00-01-77975-08161,TORTILLA CHIP,52993.76,17852
2011,00-01-16000-15840,SNACK MIX,52088.36,22295
2012,00-01-72600-00524,PRETZEL,52050.54,19736
2012,00-01-71146-00245,SNAPEA CRISP,51415.69,25035
2012,00-03-41780-00291,PRETZEL,51164.8,18931
2012,00-01-77975-02509,PRETZEL,50974.36,18943
2011,00-01-84114-10814,POTATO CHIP,49894.75,15828
2012,00-03-15839-00001,TORTILLA CHIP,48887.84,17134
2012,00-01-84114-10814,POTATO CHIP,48519.71,15361
2011,00-02-64144-10690,RTE POPCORN,48423.01,41993
2012,00-04-41780-00211,PRETZEL,48341.26,18253
2011,00-04-41780-00211,PRETZEL,48081.93,18820
2011,00-02-28400-05880,ONION SALTED SNACK,47899.71,12148
2012,00-01-15839-02026,TORTILLA CHIP,47766.66,10553
2011,06-01-78523-04006,PRETZEL,47309.67,7433
2012,00-01-28400-05179,POTATO CHIP,46509.9,11713
2011,00-01-15839-02020,TORTILLA CHIP,46067.3,10096
2012,00-01-77975-08162,TORTILLA CHIP,45636.55,15332
2012,00-02-28400-05880,ONION SALTED SNACK,45597.07,10939
2011,00-01-77975-02967,PRETZEL,44257.64,13088
2011,00-02-44000-00609,SNACK MIX,43929.66,15006
2011,00-02-41780-00231,PRETZEL,43817.4,17109
2011,00-01-28400-04768,PRETZEL,43558.18,17154
2011,00-03-41780-00386,TORTILLA CHIP,43379.11,16669
2011,07-01-24923-10100,CHEESE SNACK,43363.09,10895
2011,00-01-77975-02968,PRETZEL,43351.81,12823
2011,00-01-16000-15136,SNACK MIX,43271.71,17985
2012,00-01-77975-02967,PRETZEL,43238.98,13205
2011,00-01-16000-15950,SNACK MIX,43031.74,12929
2011,00-01-71146-00245,SNAPEA CRISP,42410.47,22638
2012,00-01-77975-02968,PRETZEL,41999.700000000004,12830
2012,08-01-54137-00021,TORTILLA CHIP,41476.9,8010
2011,00-04-41780-00241,PRETZEL,40888.09,15844
2011,00-01-41780-01169,POTATO CHIP,40867.5,12015
2012,00-01-16000-16490,SNACK MIX,40652.92,16280
2011,00-02-77817-23376,POTATO CHIP,40577.74,15628
2012,00-04-41780-00241,PRETZEL,40438.26,15164
2011,00-01-16000-16490,SNACK MIX,40003.52,16606
2012,00-01-16000-15950,SNACK MIX,39691.2,11120
2012,00-01-41780-01169,POTATO CHIP,39445.81,11865
2012,00-01-16000-15136,SNACK MIX,39305.05,15659
2012,07-01-28229-34566,POTATO CHIP,38990.36,10371
2012,07-01-24923-10100,CHEESE SNACK,38969.08,9793
2011,00-01-15839-02026,TORTILLA CHIP,38713.56,8618
2011,00-01-84114-10853,POTATO CHIP,38655.48,12616
2012,06-01-78523-04010,PRETZEL,38575.96,5874
2011,06-01-78523-04010,PRETZEL,38171.21,6129
2012,00-04-41780-00187,POTATO CHIP,37983.8,14404
2012,00-01-28400-05011,CHEESE SNACK,37616.08,16464
2012,00-01-84114-10853,POTATO CHIP,37107.05,12097
2011,00-01-20685-08577,POTATO CHIP,36842.35,12023
2011,00-01-20685-18521,POTATO CHIP,36041.57,9401
2011,00-01-41780-01111,POTATO CHIP,35885.61,10287
2011,00-01-28400-05011,CHEESE SNACK,35642.090000000004,15739
2012,00-01-41780-01111,POTATO CHIP,35287.32,10058
2012,00-01-41780-00328,PARTY MIX,35194.840000000004,5541
2011,00-01-28400-04739,TORTILLA CHIP,35156.61,15549
2012,00-01-20685-18521,POTATO CHIP,34891.18,9173
2011,07-01-28229-34566,POTATO CHIP,34671.52,9262
2012,00-01-16000-15940,SNACK MIX,34301.28,14027
2011,00-01-16000-15940,SNACK MIX,33882.15,14393
2011,00-02-64144-10730,RTE POPCORN,33191.68,27830
2012,00-01-28400-04739,TORTILLA CHIP,32972.63,14440
2011,00-03-72600-00928,POTATO CHIP,32854.78,13532
2012,00-02-44000-00609,SNACK MIX,32730.41,11301
2011,00-01-41780-01159,POTATO CHIP,32712.9,9334
2012,00-02-15839-00003,TORTILLA CHIP,32618.44,11247
2012,00-02-41780-00231,PRETZEL,32523.03,12246
2011,00-01-72600-00526,PRETZEL,32201.69,14096
2011,00-01-41262-28564,POTATO CHIP,31885.06,6802
2011,00-01-41780-00328,PARTY MIX,31743.09,5131
2011,00-02-72600-00166,POTATO CHIP,31476.38,12834
2011,00-01-77975-08178,TORTILLA CHIP,31466.97,10752
2012,00-03-72600-00928,POTATO CHIP,31217.28,12614
2012,00-02-72600-00166,POTATO CHIP,31165.86,12513
2012,00-01-72600-00526,PRETZEL,30833.66,11546
2011,00-05-20685-08486,POTATO CHIP,30748.11,10202
2012,00-01-41780-01159,POTATO CHIP,29955.47,8858
2011,00-02-77817-12620,PRETZEL,29914.05,8864
2011,00-03-41262-27247,ASTSS SALTED SNACKS,29868.89,10147
2011,00-03-41780-00105,POTATO CHIP,29713.73,29570
2012,00-02-77817-11205,PRETZEL,29471.34,11199
2011,08-01-54137-00021,TORTILLA CHIP,28915.73,5767
2011,00-01-41780-01211,PRETZEL,28882.14,8493
2011,00-01-41262-28563,POTATO CHIP,28286.03,5997
2011,00-02-28400-04770,PRETZEL,28243.94,11126
2012,00-01-77817-11725,PRETZEL,27762.43,10764
2011,00-01-77975-02318,PRETZEL,27495.36,10794
2012,00-01-41780-01211,PRETZEL,27419.95,8026
2011,00-01-28400-04767,PRETZEL,27205.52,10889
2011,00-01-72600-00338,PRETZEL,27174.420000000002,9947
2011,00-02-15839-00003,TORTILLA CHIP,26928.74,9366
2011,00-01-20685-18519,POTATO CHIP,26532.88,6854
2012,00-03-41780-00199,ASTSS SALTED SNACKS,26335.09,6957
2011,00-02-72600-00178,POTATO CHIP,26213.5,11297
2011,00-01-15665-10350,CORN SNACK,26205.21,9489
2011,00-02-77817-14290,RTE POPCORN,25469.96,9814
2012,00-01-77975-08178,TORTILLA CHIP,25465.59,8640
2012,00-01-20685-18519,POTATO CHIP,24585.77,6266
2012,00-01-78907-45034,TORTILLA CHIP,24579.89,8557
2012,00-01-41262-28564,POTATO CHIP,24104.45,5057
2012,00-01-77975-02318,PRETZEL,23534.13,8696
2011,00-01-77817-11725,PRETZEL,23230.22,9021
2011,00-03-41780-00199,ASTSS SALTED SNACKS,23135.96,6629
2011,00-02-15665-22030,CHEESE SNACK,22986.85,8829
2011,00-03-77817-13030,PRETZEL,22695.78,7923
2012,00-01-41262-28563,POTATO CHIP,22690.74,4804
2011,00-02-77817-11205,PRETZEL,22664.53,7983
2011,00-03-72600-00531,PRETZEL,22649.94,10247
2012,00-03-41262-27247,ASTSS SALTED SNACKS,22432.93,7553
2011,00-01-78907-45034,TORTILLA CHIP,22362.64,7766
2011,00-01-28400-05640,MULTI GRAIN CHIP,22311.14,3102
2012,00-01-41780-00359,CHEESE SNACK,22214.92,3550
2011,00-04-41780-00187,POTATO CHIP,22171.69,7811
2012,00-02-77817-14290,RTE POPCORN,22141.87,8576
2012,00-02-72600-00178,POTATO CHIP,22028.98,9299
2012,00-01-72600-00338,PRETZEL,22013.38,7976
2011,00-01-41780-00359,CHEESE SNACK,21972.65,3565
2011,00-02-15839-00002,TORTILLA CHIP,21840.07,7571
2012,00-01-15665-10350,CORN SNACK,21710.53,7729
2012,00-01-41780-00194,POTATO CHIP,21204.44,5595
2012,00-03-72600-00531,PRETZEL,20707.45,8056
2011,00-03-77975-02279,PRETZEL,19901.82,7136
2011,00-03-28400-01234,PRETZEL,19826.53,7734
2011,06-01-55852-00146,VEGETABLE CHIP,19301.03,3087
2012,07-01-28229-67901,POTATO CHIP,19174.38,4796
2011,00-01-41780-00194,POTATO CHIP,19114.670000000002,5426
2011,00-01-28400-00227,POTATO CHIP,18007.44,9073
2011,00-01-41780-00345,CHEESE SNACK,17983.03,15305
2012,00-02-28400-00481,TORTILLA CHIP,17826.010000000002,16369
2012,00-01-15839-00821,TORTILLA CHIP,17294.46,4025
2012,00-01-73416-03530,RICE CHIP,17286.41,5862
2011,00-02-41780-00326,PARTY MIX,17281.68,6104
2011,00-02-77817-16270,CHEESE SNACK,17054.0,7509
2011,00-01-73416-03530,RICE CHIP,16663.03,5672
2011,00-01-41780-00165,POTATO CHIP,16572.12,16199
2012,00-01-53852-00300,TORTILLA CHIP,16255.91,6130
2011,07-01-28229-67901,POTATO CHIP,16098.04,4056
2012,08-01-54137-00020,CORN CHIP,15980.26,3118
2011,00-01-15839-00821,TORTILLA CHIP,15852.22,3948
2012,00-03-15839-00006,TORTILLA CHIP,15805.69,4827
2011,00-01-41262-27651,CHEESE SNACK,15657.79,4021
2011,00-01-53852-00300,TORTILLA CHIP,15553.48,6006
2012,07-01-28229-01315,VEGETABLE CHIP,15366.95,4227
2012,00-02-41780-00326,PARTY MIX,15041.220000000001,4827
2011,00-01-41262-28211,POTATO CHIP,15028.49,15344
2012,06-01-55852-00146,VEGETABLE CHIP,14773.710000000001,2279
2011,00-02-28400-05352,MULTI GRAIN CHIP,14708.42,6474
2012,00-01-70273-20701,PRETZEL,14665.06,6595
2011,00-02-16000-16430,SNACK MIX,14185.61,5676
2012,06-01-35992-04330,SOY CRISP,13993.64,4667
2011,08-01-52772-00101,TORTILLA CHIP,13911.29,5405
2011,06-01-35992-04330,SOY CRISP,13908.31,4805
2011,00-04-41780-00173,ASTSS SALTED SNACKS,13758.41,1959
2011,00-01-16000-16952,SNACK MIX,13634.18,4681
2011,00-02-70271-00310,PRETZEL,13598.18,2145
2011,00-01-70273-20701,PRETZEL,13356.05,6550
2012,00-01-41262-27651,CHEESE SNACK,13321.8,3366
2011,00-03-41780-00075,POTATO CHIP,13243.1,13210
2011,00-01-71146-00246,SNAPEA CRISP,13153.28,7091
2012,00-02-70271-00310,PRETZEL,13152.37,1893
2012,00-02-30000-02913,RTE POPCORN,13075.36,7691
2011,07-01-28229-01315,VEGETABLE CHIP,12848.1,3468
2011,00-01-77975-02025,PRETZEL,12811.7,4053
2011,00-01-28400-03079,POTATO CHIP,12722.06,5296
2012,00-01-37600-35463,TORTILLA CHIP,12681.23,4407
2012,00-01-73490-13088,PRETZEL,12507.539999999999,10503
2011,00-02-30000-02913,RTE POPCORN,12461.86,7534
2012,00-03-28400-00690,POTATO CHIP,12423.94,3447
2011,00-01-28400-04741,CHEESE SNACK,12318.29,5423
2012,00-02-77817-14159,RTE POPCORN,12279.71,12222
2011,00-03-78516-00013,FRIED PORK RIND,12262.65,7572
2012,07-02-55355-00117,RTE POPCORN,12191.44,4368
2012,00-03-15665-60104,RICE AND CORN SNACK,12061.09,9754
2011,00-01-77975-08276,VEGETABLE CRISP,12006.51,3078
2011,00-01-16000-14634,SNACK MIX,11949.76,4435
2011,00-01-84114-10990,POTATO CHIP,11750.45,3607
2012,00-01-16000-16952,SNACK MIX,11583.1,3762
2011,00-01-30000-27163,RTE POPCORN,11544.08,5674
2011,00-01-72600-00617,PRETZEL,11508.25,7494
2012,00-03-15839-00500,TORTILLA CHIP,11393.8,3429
2011,00-01-72600-00546,ASTSS SALTED SNACKS,11390.18,3123
2012,00-01-84114-10990,POTATO CHIP,11250.44,3665
2011,00-03-41262-27337,CHEESE SNACK,11243.77,11386
2012,00-01-72600-00617,PRETZEL,11169.97,6054
2011,00-01-27393-00950,SOY CRISP,11158.96,7809
2011,00-01-77079-00735,FRIED PORK RIND,10985.31,11105
2011,00-03-15839-00006,TORTILLA CHIP,10803.32,3266
2011,00-02-77544-80620,CORN SNACK,10755.67,15772
2011,00-01-20685-16810,POTATO CHIP,10555.81,3482
2011,08-01-54137-00020,CORN CHIP,10553.31,2091
2011,00-01-71026-00002,PLANTAIN CHIP,10533.21,6561
2011,00-01-46100-00752,PRETZEL AND DIP,10463.32,9014
2011,00-01-77975-08089,PRETZEL,10340.44,3672
2012,00-01-30000-27163,RTE POPCORN,10105.44,4888
2012,00-01-71146-00246,SNAPEA CRISP,10012.62,5227
2011,00-02-41780-00195,POTATO CHIP,9905.46,9933
2011,00-01-16000-15810,SNACK MIX,9642.34,3888
2011,00-01-41331-04939,FRIED PORK RIND,9599.08,3783
2011,00-02-41780-01272,SNACK MIX,9596.58,1572
2011,00-02-16000-16060,SNACK MIX,9579.38,2603
2011,00-01-41780-00254,PRETZEL,9546.74,3268
2011,07-01-28229-23456,POTATO CHIP,9517.87,2689
2012,00-01-16000-15810,SNACK MIX,9491.210000000001,3693
2012,00-02-41780-01272,SNACK MIX,9390.73,1490
2011,00-04-72466-94777,PRETZEL,9372.1,6290
2011,07-01-28229-45680,VEGETABLE CHIP,9337.95,1775
2012,00-01-16000-15110,SNACK MIX,9276.91,3549
2012,00-01-73490-13087,PRETZEL,9240.6,8217
2011,00-03-15665-60104,RICE AND CORN SNACK,9208.41,7906
2011,00-01-64144-10070,RTE POPCORN,9130.19,2802
2011,07-02-55355-00117,RTE POPCORN,9091.62,3225
2011,00-01-77544-80600,BAMBA SNACK,9077.25,4303
2012,00-04-77975-02265,PRETZEL,9067.710000000001,3397
2011,00-01-16000-15110,SNACK MIX,9010.36,3608
2011,00-01-78907-45037,TORTILLA CHIP,8986.39,3273
2011,00-03-77817-28606,CHEESE SNACK,8938.23,8904
2010,00-01-28400-05160,TORTILLA CHIP,8881.43,2862
2011,00-01-16000-16951,SNACK MIX,8864.51,3093
2011,00-03-90939-02555,RTE POPCORN,8860.28,3562
2012,08-01-92773-00060,RTE POPCORN,8758.64,2812
2011,00-03-77975-02280,PRETZEL,8756.15,3117
2011,00-04-41262-27299,ONION SALTED SNACK,8710.72,8888
2011,00-01-72995-01103,PLANTAIN CHIP,8689.58,5871
2012,00-04-72466-94777,PRETZEL,8622.68,5786
2011,07-02-28229-01290,POTATO CHIP,8622.31,1559
2012,00-01-72600-00546,ASTSS SALTED SNACKS,8553.03,2138
2012,00-02-77544-80620,CORN SNACK,8536.53,13220
2011,00-01-72600-00545,POTATO CHIP,8468.25,2246
2011,00-01-41780-00058,POTATO CHIP,8451.52,3455
2011,00-01-27393-00965,SOY CRISP,8427.47,5854
2012,00-01-15839-00823,TORTILLA CHIP,8352.1,2010
2012,00-01-41331-04935,FRIED PORK RIND,8304.0,4680
2011,00-01-72466-51150,PRETZEL,8273.97,5553
2012,00-01-41331-04939,FRIED PORK RIND,8252.36,2972
2011,00-01-41780-00366,FRIED PORK RIND,8194.62,4578
2011,06-01-35992-04310,SOY CRISP,8169.45,2787
2012,00-01-78907-45037,TORTILLA CHIP,8107.9400000000005,2794
2012,00-04-41262-27299,ONION SALTED SNACK,8106.39,8272
2011,00-01-41780-01317,TORTILLA CHIP,8104.15,2404
2011,00-02-72600-00925,TORTILLA CHIP,8091.09,3140
2011,00-01-16000-28350,CORN SNACK,8055.31,2069
2012,00-01-16000-28350,CORN SNACK,8048.28,2212
2012,00-01-16000-14634,SNACK MIX,8034.54,2885
2012,00-01-16000-16951,SNACK MIX,7967.33,2621
2012,07-01-28229-23456,POTATO CHIP,7851.53,2120
2012,00-01-77975-02025,PRETZEL,7747.530000000001,2438
2011,00-01-41262-28214,POTATO CHIP,7744.3,7862
2011,00-01-41331-04935,FRIED PORK RIND,7733.0199999999995,4542
2012,00-01-72466-51150,PRETZEL,7721.49,5182
2011,06-01-47671-00020,TORTILLA CHIP,7713.95,1817
2012,00-01-15839-00825,TORTILLA CHIP,7677.25,1935
2011,00-03-15839-00500,TORTILLA CHIP,7593.63,2266
2012,00-03-78516-00013,FRIED PORK RIND,7542.8,4587
2012,00-01-72600-00545,POTATO CHIP,7502.17,1864
2012,00-02-72600-00925,TORTILLA CHIP,7484.56,2744
2011,00-01-70271-00620,PRETZEL,7473.59,1206
2011,00-02-36593-90006,TORTILLA CHIP,7460.1900000000005,1981
2012,07-02-28229-01290,POTATO CHIP,7362.03,1258
2011,00-02-41780-00212,PRETZEL,7341.41,2470
2011,07-03-28229-12350,VEGETABLE CHIP,7338.21,1903
2011,00-01-41780-00145,POTATO CHIP,7335.11,7241
2012,00-04-41780-00173,ASTSS SALTED SNACKS,7278.83,967
2011,00-01-15839-00847,TORTILLA CHIP,7221.51,2230
2012,00-02-12400-00632,PORK CRACKLING,7216.9,2458
2012,00-01-41262-28211,POTATO CHIP,7213.73,7301
2012,00-01-27393-00950,SOY CRISP,7120.29,5257
2011,00-01-73490-13088,PRETZEL,7088.57,6439
2011,00-01-15839-00823,TORTILLA CHIP,7058.69,1772
2011,00-01-72600-00160,POTATO CHIP,7040.67,7119
2012,00-01-77544-80600,BAMBA SNACK,7007.87,3487
2011,00-01-41780-00302,RTE POPCORN,6998.27,4899
2011,00-02-28400-02186,PRETZEL,6960.27,2769
2012,00-02-36593-90006,TORTILLA CHIP,6936.1900000000005,1597
2012,08-01-52772-00101,TORTILLA CHIP,6930.25,2530
2011,00-01-15839-00882,TORTILLA CHIP,6865.92,2125
2012,00-01-48564-00118,FRIED PORK RIND,6853.9800000000005,2096
2011,06-01-35992-04300,SOY CRISP,6828.15,2354
2011,00-01-48564-00123,FRIED PORK RIND,6790.82,5783
2011,00-01-48564-00118,FRIED PORK RIND,6766.14,2127
2011,00-01-72600-00930,POTATO CHIP,6657.45,1878
2012,00-01-70271-00620,PRETZEL,6623.93,957
2010,00-03-72600-00662,POTATO CHIP,6613.64,2810
2011,00-01-15839-00825,TORTILLA CHIP,6600.67,1746
2011,00-01-73490-13087,PRETZEL,6583.47,6044
2012,00-01-41780-00058,POTATO CHIP,6506.68,2541
2012,00-03-77817-28606,CHEESE SNACK,6488.18,6453
2011,00-01-77817-10730,PRETZEL,6341.8,6355
2011,00-01-41780-00202,PRETZEL,6296.03,2098
2012,00-01-41780-00145,POTATO CHIP,6277.94,6185
2012,00-02-16000-16060,SNACK MIX,6261.42,1637
2011,00-04-77975-02265,PRETZEL,6198.1,2443
2011,00-05-78516-00023,FRIED PORK RIND,6186.97,3847
2012,00-01-41780-00366,FRIED PORK RIND,6182.66,3454
2011,00-02-77817-14159,RTE POPCORN,6171.57,6193
2011,00-04-28400-02211,PRETZEL,6171.17,2493
2011,00-04-41780-00258,PRETZEL,6081.31,2310
2011,00-04-78516-00033,FRIED PORK RIND,5980.14,3692
2012,00-01-15839-00882,TORTILLA CHIP,5967.0,1727
2012,00-02-64144-10690,RTE POPCORN,5962.3,4951
2011,00-01-84114-10815,POTATO CHIP,5885.47,1855
2011,00-02-72600-00961,TORTILLA CHIP,5870.21,1633
2011,06-01-35992-04440,SOY CRISP,5869.19,2227
2011,00-01-28400-04769,PRETZEL,5868.84,2333
2012,00-02-41780-00212,PRETZEL,5853.49,1933
2011,00-01-16000-13680,SNACK MIX,5845.2,1541
2012,00-03-15839-00561,TORTILLA CHIP,5800.37,1982
2012,08-01-50668-00081,POTATO CHIP,5751.41,2028
2010,00-01-72600-00584,TORTILLA CHIP,5721.47,2286
2012,00-01-41780-00254,PRETZEL,5720.35,1885
2012,00-01-27393-00965,SOY CRISP,5702.81,4088
2011,00-02-41780-00382,TORTILLA CHIP,5686.73,5586
2011,00-01-73416-03532,RICE CHIP,5616.64,1855
2010,00-01-77975-08006,PRETZEL,5582.61,2196
2012,07-03-28229-12350,VEGETABLE CHIP,5566.64,1379
2011,07-01-57645-00840,PRETZEL,5507.74,2025
2012,00-01-84114-10815,POTATO CHIP,5457.28,1732
2011,00-01-41262-28213,POTATO CHIP,5427.04,5523
2011,00-01-16000-15135,SNACK MIX,5406.5,2196
2012,00-01-90939-02125,RTE POPCORN,5396.93,4357
2012,00-01-77817-10730,PRETZEL,5382.99,5370
2012,00-03-41780-00075,POTATO CHIP,5342.83,5345
2012,00-01-73416-03532,RICE CHIP,5267.57,1766
2012,07-01-28229-45680,VEGETABLE CHIP,5240.03,917
2011,00-01-41331-04941,CASSAVA CHIP,5178.83,2960
2012,00-01-36593-90007,TORTILLA CHIP,5125.13,1205
2012,00-05-70415-10156,PRETZEL,5110.81,4280
2011,00-05-70415-10156,PRETZEL,5061.98,4030
2011,00-01-36593-90007,TORTILLA CHIP,5056.4400000000005,1266
2010,00-01-72600-00562,TORTILLA CHIP,5044.04,2024
2012,07-02-28229-12345,VEGETABLE CHIP,5023.22,3587
2011,00-02-72600-00728,POTATO CHIP,4931.46,2119
2011,00-03-72600-00660,POTATO CHIP,4922.79,4854
2011,00-01-77581-11144,RTE POPCORN,4840.81,1619
2010,00-01-28400-02333,PRETZEL,4745.9,1849
2012,00-04-77975-02231,PRETZEL,4724.05,4695
2012,00-01-41331-04941,CASSAVA CHIP,4688.79,2597
2012,06-01-35992-04440,SOY CRISP,4683.9,1713
2010,00-01-20685-08577,POTATO CHIP,4671.25,1585
2011,00-01-41780-01327,TORTILLA CHIP,4656.47,1412
2012,00-04-46555-00020,RTE POPCORN,4625.89,1711
2012,00-01-77581-11144,RTE POPCORN,4622.54,1546
2011,07-02-28229-12345,VEGETABLE CHIP,4613.29,3581
2012,00-01-41780-01327,TORTILLA CHIP,4611.06,1460
2011,00-01-72600-00530,TORTILLA CHIP,4583.78,1350
2011,08-01-50668-00081,POTATO CHIP,4554.94,1868
2012,00-01-41780-01337,TORTILLA CHIP,4526.86,1409
2012,00-01-73416-03533,RICE CHIP,4496.52,1472
2010,00-03-72600-00680,POTATO CHIP,4486.48,1933
2012,00-02-77817-12620,PRETZEL,4403.43,1689
2012,07-01-57645-00840,PRETZEL,4398.97,1623
2011,00-01-72600-00169,CORN PUFF,4396.8,2218
2012,00-02-77544-82600,WHEAT SNACK,4395.37,4557
2011,00-03-41780-00303,RTE POPCORN,4392.36,3163
2011,00-03-72600-00100,POTATO CHIP,4381.66,634
2011,00-01-28400-09085,POTATO CHIP,4379.09,16417
2011,00-01-84114-10985,POTATO CHIP,4378.03,1389
2011,00-01-84114-10813,POTATO CHIP,4357.88,1329
2010,00-05-20685-08486,POTATO CHIP,4319.89,1440
2011,00-01-73416-03533,RICE CHIP,4310.41,1434
2011,00-01-41262-28215,POTATO CHIP,4296.86,4373
2011,07-01-57645-00850,PRETZEL,4278.06,1669
2011,00-01-41780-00376,FRIED PORK RIND,4273.91,2389
2011,07-01-57645-00200,PRETZEL,4271.74,1423
2011,00-02-20685-17200,POTATO CHIP,4265.57,1451
2012,00-02-64144-10730,RTE POPCORN,4249.66,3664
2011,07-01-32626-10010,FRIED PORK RIND,4248.38,2123
2012,00-01-48564-00123,FRIED PORK RIND,4244.15,3395
2012,06-01-47671-00020,TORTILLA CHIP,4229.4,1060
2010,00-01-77975-08004,PRETZEL,4229.33,1655
2011,00-01-41780-00158,POTATO CHIP,4174.05,1681
2012,00-01-70415-10161,PRETZEL,4163.89,3488
2011,00-01-16000-19639,SNACK MIX,4134.9,4224
2012,07-01-57645-00200,PRETZEL,4114.73,1381
2011,06-01-47671-00030,TORTILLA CHIP,4102.34,966
2011,00-02-28400-00481,TORTILLA CHIP,4087.82,3752
2012,00-01-72600-00969,PRETZEL,4066.95,1349
2012,00-05-72600-00539,PRETZEL,4062.84,1624
2012,00-01-41780-00158,POTATO CHIP,4054.37,1534
2011,00-04-46555-00020,RTE POPCORN,4034.3399999999997,1446
2011,00-03-15839-00561,TORTILLA CHIP,4011.5,1289
2012,00-05-78516-00023,FRIED PORK RIND,3979.8900000000003,2470
2012,00-02-41780-00382,TORTILLA CHIP,3967.77,3974
2012,00-04-41780-00258,PRETZEL,3958.99,1438
2012,00-01-41780-00202,PRETZEL,3951.59,1283
2011,00-03-77817-15660,TORTILLA CHIP,3947.8,1418
2012,00-02-72600-00891,CHEESE SNACK,3942.13,1250
2011,00-01-28400-01423,RTE POPCORN,3933.33,14844
2011,00-01-72600-00192,POTATO CHIP,3910.55,3945
2011,00-02-77544-82600,WHEAT SNACK,3890.8,4098
2011,00-01-90939-02125,RTE POPCORN,3885.9500000000003,3295
2012,00-04-78516-00033,FRIED PORK RIND,3877.6400000000003,2361
2011,00-02-52235-91707,RTE POPCORN,3875.0499999999997,1115
2011,08-01-92773-00060,RTE POPCORN,3869.96,1359
2012,00-01-28400-00951,CORN CHIP,3841.65,3160
2011,07-02-57645-00300,PRETZEL,3836.65,1339
2011,07-01-28229-01292,POTATO CHIP,3801.8,820
2012,00-02-46555-00029,RTE POPCORN,3782.13,1367
2011,00-01-27393-00972,SOY CRISP,3726.82,2487
2010,00-01-28400-04768,PRETZEL,3715.73,1432
2011,00-02-27393-00910,SOY CRISP,3713.63,1341
2010,00-02-15665-60100,RICE AND CORN SNACK,3706.81,1461
2012,00-03-77975-02587,PRETZEL,3676.21,3699
2011,00-05-72600-00539,PRETZEL,3663.44,1756
2011,00-01-77817-12430,PRETZEL,3651.14,1397
2011,00-02-72600-00891,CHEESE SNACK,3630.14,1203
2011,00-01-77975-02942,PRETZEL,3607.45,1440
2011,00-01-77079-00740,FRIED PORK RIND,3602.61,3639
2011,00-01-27393-00971,SOY CRISP,3595.29,1349
2012,00-01-41780-00376,FRIED PORK RIND,3588.95,2005
2012,00-02-72600-00961,TORTILLA CHIP,3569.17,1018
2012,07-01-57645-00850,PRETZEL,3562.93,1402
2011,00-01-70415-10161,PRETZEL,3548.34,2855
2011,00-04-72600-00095,POTATO CHIP,3545.57,3452
2012,00-01-16000-13680,SNACK MIX,3529.35,925
2011,00-01-72600-00969,PRETZEL,3511.1,1171
2011,00-03-70271-00539,PRETZEL,3489.94,561
2012,00-01-24335-30420,RTE POPCORN,3486.62,1196
2011,00-02-28400-09089,TORTILLA CHIP,3474.73,13124
2011,00-03-41780-00394,TORTILLA CHIP,3418.02,3359
2011,00-01-27393-00960,SOY CRISP,3400.22,2268
2011,00-04-77975-02231,PRETZEL,3394.73,3427
2012,07-02-28229-13456,VEGETABLE CHIP,3371.2400000000002,2205
2011,00-01-41780-01337,TORTILLA CHIP,3368.61,1010
2012,00-01-93213-10101,TORTILLA CHIP,3359.11,1069
2011,00-03-77975-02587,PRETZEL,3309.57,3343
2012,00-01-77817-12798,PRETZEL,3308.26,966
2011,00-01-77975-08071,PRETZEL,3290.3199999999997,1318
2012,00-01-77544-82900,WHEAT SNACK,3282.13,3364
2012,00-02-52235-91707,RTE POPCORN,3276.91,939
2010,00-01-77975-08009,PRETZEL,3271.84,1288
2010,00-03-72600-00661,POTATO CHIP,3256.91,1414
2012,00-03-77817-15660,TORTILLA CHIP,3211.7400000000002,1065
2010,00-01-77975-08007,PRETZEL,3204.0,1268
2011,00-01-41780-00276,PRETZEL,3144.31,2063
2012,07-02-57645-00300,PRETZEL,3136.28,1074
2011,00-01-27393-00970,SOY CRISP,3134.67,2097
2011,00-01-77544-82900,WHEAT SNACK,3123.4,3306
2012,00-01-28400-09085,POTATO CHIP,3093.13,9361
2011,00-01-93213-10101,TORTILLA CHIP,3077.43,1072
2012,00-03-70415-10151,PRETZEL,3077.3,2566
2011,00-03-24335-01412,CHEESE SNACK,3059.83,1077
2012,00-03-70271-00539,PRETZEL,3044.09,439
2011,00-02-77817-16090,CHEESE SNACK,3040.0,9117
2012,06-01-13008-71490,TORTILLA CHIP & DIP,3007.55,2158
2012,06-01-13008-71556,TORTILLA CHIP & DIP,2992.67,2136
2011,00-02-12400-00632,PORK CRACKLING,2979.01,1149
2011,00-01-16000-12609,SNACK MIX,2976.62,3026
2011,00-01-27393-00951,SOY CRISP,2972.92,1159
2011,00-01-77817-12798,PRETZEL,2964.54,979
2010,00-01-15665-77045,RICE AND CORN SNACK,2953.7799999999997,552
2011,00-01-72600-00162,POTATO CHIP,2944.97,2925
2012,00-01-27393-00951,SOY CRISP,2939.58,1047
2011,00-01-41780-00001,POTATO CHIP,2933.79,8755
2011,00-01-28400-04003,CORN CHIP,2889.65,10908
2011,00-02-77975-02387,PRETZEL,2879.04,1031
2012,00-03-46555-00019,RTE POPCORN,2877.84,1016
2012,00-01-84114-00999,POTATO CHIP,2875.42,1083
2011,00-01-24335-30420,RTE POPCORN,2868.75,960
2011,00-03-70415-10151,PRETZEL,2863.71,2276
2012,00-01-77817-12430,PRETZEL,2843.9500000000003,1143
2012,00-02-20685-08477,POTATO CHIP,2828.15,1235
2011,00-01-77975-08175,PRETZEL,2812.69,835
2011,00-02-28400-09151,TORTILLA CHIP,2807.24,10648
2011,00-02-72600-00168,CORN PUFF,2797.32,1409
2012,00-01-77817-14440,RTE POPCORN,2784.35,2779
2012,00-03-77817-15380,TORTILLA CHIP,2771.9500000000003,862
2011,07-01-28229-67894,POTATO CHIP,2750.4500000000003,781
2010,00-01-28400-04767,PRETZEL,2745.41,1059
2011,00-01-27393-00967,SOY CRISP,2745.16,973
2012,00-02-72600-00728,POTATO CHIP,2733.14,1154
2010,00-02-77817-10930,PRETZEL,2653.95,1291
2012,00-01-27393-00971,SOY CRISP,2645.92,938
2011,00-01-77975-08070,PRETZEL,2625.15,1064
2011,00-01-84114-03333,POTATO CHIP,2624.79,2031
2011,00-01-70271-00627,PRETZEL,2619.0099999999998,447
2011,00-01-28400-04011,CHEESE SNACK,2616.74,9844
2011,00-03-41780-00003,POTATO CHIP,2602.78,3515
2011,00-05-73497-16345,FRIED PORK RIND,2560.97,2120
2011,00-03-77817-15380,TORTILLA CHIP,2555.15,824
2011,00-01-41780-01355,CHEESE SNACK,2543.58,1366
2011,07-01-32626-10011,FRIED PORK RIND,2532.85,1284
2011,00-01-77079-00736,FRIED PORK RIND,2523.62,2552
2012,00-05-73497-16345,FRIED PORK RIND,2523.17,1795
2011,00-01-72600-00923,ASTSS SALTED SNACKS,2507.7,330
2011,00-01-48564-00120,FRIED PORK RIND,2504.62,2149
2011,07-02-28229-13456,VEGETABLE CHIP,2485.39,2021
2011,00-01-41780-00224,PRETZEL,2479.84,827
2012,00-02-72600-00555,PRETZEL,2449.14,1011
2012,00-03-77817-13030,PRETZEL,2445.49,903
2011,00-02-72600-00555,PRETZEL,2443.53,1195
2011,00-01-70271-00355,PRETZEL,2440.54,399
2010,00-02-28400-04770,PRETZEL,2428.82,948
2011,00-03-41262-27415,POTATO CHIP,2426.86,2339
2012,00-01-70271-00355,PRETZEL,2423.5,350
2010,00-03-77975-02279,PRETZEL,2406.64,865
2011,00-01-27393-00955,SOY CRISP,2406.1,1598
2012,00-01-30047-30001,RTE POPCORN,2390.03,6128
2011,00-01-75119-14720,PRETZEL,2346.11,1047
2012,00-02-27393-00910,SOY CRISP,2342.07,818
2011,00-01-84114-03260,POTATO CHIP,2333.42,1892
2010,00-03-41262-27213,ASTSS SALTED SNACKS,2328.83,326
2011,00-03-41780-00190,ASTSS SALTED SNACKS,2323.23,777
2011,00-03-72600-00597,TORTILLA CHIP,2306.55,992
2012,00-01-73416-03537,RICE CHIP,2303.56,772
2010,00-04-77975-02248,PRETZEL,2295.11,1034
2012,00-01-41780-00001,POTATO CHIP,2282.15,6869
2011,00-01-70236-00236,FRIED PORK RIND,2280.96,2304
2010,00-02-28400-01109,RTE POPCORN,2275.4,599
2012,00-01-28400-01423,RTE POPCORN,2275.33,6883
2011,00-01-77975-02380,PRETZEL,2266.88,811
2012,00-03-41780-00394,TORTILLA CHIP,2266.86,2164
2011,00-01-41780-00108,POTATO CHIP,2258.68,905
2011,00-01-15839-00845,TORTILLA CHIP,2258.04,757
2012,00-02-15665-22060,CHEESE SNACK,2255.36,1724
2010,00-01-77975-08003,PRETZEL,2246.67,885
2011,00-04-72600-00563,POTATO CHIP,2242.44,2222
2012,00-01-72600-00530,TORTILLA CHIP,2242.07,670
2011,00-02-71026-00008,PLANTAIN CHIP,2239.98,1465
2011,00-02-00901-00001,TORTILLA CHIP,2211.22,1081
2012,06-01-35992-04310,SOY CRISP,2207.61,724
2011,00-02-77544-82700,WHEAT SNACK,2205.88,2373
2012,07-01-32626-10010,FRIED PORK RIND,2201.9,1106
2012,00-02-45764-27332,RTE POPCORN,2197.58,986
2011,07-01-57645-00830,PRETZEL,2195.94,866
2012,00-03-41780-00003,POTATO CHIP,2194.98,2926
2011,00-02-27393-00911,SOY CRISP,2194.69,804
2011,00-01-72600-00574,POTATO CHIP,2189.01,6441
2012,00-02-77544-82700,WHEAT SNACK,2187.88,2268
2012,00-01-41780-00302,RTE POPCORN,2184.77,1318
2011,06-01-35992-04320,SOY CRISP,2181.53,637
2011,00-02-77544-82500,WHEAT SNACK,2173.66,2246
2012,00-01-70271-00627,PRETZEL,2170.12,338
2011,00-04-77975-02264,PRETZEL,2166.69,766
2012,07-01-32626-10011,FRIED PORK RIND,2156.81,1157
2010,00-03-41780-00261,PRETZEL,2150.95,813
2011,00-03-83791-02001,POTATO CHIP,2143.39,2401
2010,00-01-77975-08005,PRETZEL,2139.74,842
2012,00-02-28400-09089,TORTILLA CHIP,2109.39,6377
2011,00-01-00901-00005,TORTILLA CHIP,2109.09,1079
2011,00-01-00901-00007,TORTILLA CHIP,2107.57,1050
2011,00-01-84114-00999,POTATO CHIP,2106.15,897
2012,00-04-20685-08472,POTATO CHIP,2083.9,910
2012,07-01-24923-45900,CHEESE SNACK,2075.08,512
2010,00-04-41780-00281,PRETZEL,2052.84,770
2010,00-03-77975-02275,PRETZEL,2039.0,714
2012,00-01-72600-00169,CORN PUFF,2027.92,946
2012,00-02-72600-00965,CHEESE SNACK,2012.43,2035
2011,00-02-00901-00002,TORTILLA CHIP,1993.68,955
2012,00-01-41780-00078,POTATO CHIP,1991.3,838
2010,00-03-77975-02225,PRETZEL,1966.48,897
2012,00-01-48564-00120,FRIED PORK RIND,1957.6200000000001,1568
2011,00-04-72600-00632,VEGETABLE CRISP,1952.8899999999999,1311
2011,06-01-35992-04450,SOY CRISP,1927.32,638
2012,00-01-27393-00970,SOY CRISP,1925.58,1198
2010,00-01-28400-05181,POTATO CHIP,1923.18,482
2011,00-01-27393-00956,SOY CRISP,1909.96,684
2012,00-01-73416-03531,RICE & BEAN SLTD SNK,1906.19,652
2012,00-01-27393-00972,SOY CRISP,1898.84,1180
2011,00-01-73416-03537,RICE CHIP,1896.73,637
2012,00-02-00901-00002,TORTILLA CHIP,1896.17,713
2012,00-02-77544-82500,WHEAT SNACK,1892.69,1960
2011,00-01-83791-02014,POTATO CHIP,1889.1,2120
2012,00-01-72600-00923,ASTSS SALTED SNACKS,1874.6,240
2012,00-01-27393-00956,SOY CRISP,1866.98,642
2010,00-02-77817-10580,PRETZEL,1863.03,578
2012,00-03-90939-02555,RTE POPCORN,1847.58,742
2010,00-01-16000-15990,SNACK MIX,1845.99,810
2011,00-03-41780-00063,POTATO CHIP,1841.55,2485
2011,00-01-30047-30001,RTE POPCORN,1839.21,4981
2012,00-01-70236-00236,FRIED PORK RIND,1838.17,1857
2012,00-03-72600-00597,TORTILLA CHIP,1836.91,741
2010,00-01-77975-08008,PRETZEL,1830.54,725
2011,00-02-84114-00996,POTATO CHIP,1822.04,630
2011,00-01-28558-12123,POTATO CHIP,1813.29,611
2012,00-01-00901-00007,TORTILLA CHIP,1809.78,696
2012,00-01-27393-00955,SOY CRISP,1805.6,1130
2012,00-02-28400-09151,TORTILLA CHIP,1804.24,5463
2011,00-03-41780-00023,POTATO CHIP,1799.92,2433
2010,00-01-77975-08161,TORTILLA CHIP,1791.21,657
2012,00-01-28400-04003,CORN CHIP,1789.07,5418
2010,00-02-41780-00068,POTATO CHIP,1781.53,709
2010,00-02-77817-12493,PRETZEL,1781.51,606
2012,00-04-72600-00632,VEGETABLE CRISP,1778.0,1195
2012,00-01-16000-15135,SNACK MIX,1771.3500000000001,600
2011,00-03-83791-02004,POTATO CHIP,1769.32,1988
2011,00-02-41262-28030,POTATO CHIP,1764.08,1782
2011,00-01-46100-00781,PRETZEL AND DIP,1758.72,768
2011,00-04-85836-05001,POTATO CHIP,1746.93,1763
2011,00-01-73416-03531,RICE & BEAN SLTD SNK,1746.18,582
2010,00-01-28400-01775,TORTILLA CHIP,1741.13,464
2012,00-01-28400-04011,CHEESE SNACK,1720.91,5207
2012,00-01-75119-64725,PRETZEL,1718.96,534
2011,00-01-41331-04922,TORTILLA CHIP,1716.76,659
2012,00-04-00901-00009,TORTILLA CHIP,1714.11,669
2010,00-01-77975-02509,PRETZEL,1702.3700000000001,615
2011,00-04-00901-00009,TORTILLA CHIP,1696.58,824
2012,00-01-08982-00002,PRETZEL,1681.43,997
2010,00-01-77975-08162,TORTILLA CHIP,1672.7,618
2012,00-01-76784-00485,CORN POP,1670.74,696
2011,00-01-28558-12121,POTATO CHIP,1670.01,559
2011,00-01-41780-00103,POTATO CHIP,1668.0,2241
2011,00-02-84114-00997,POTATO CHIP,1659.73,617
2011,00-01-73416-03535,RICE CHIP,1641.5700000000002,553
2012,00-02-41262-28030,POTATO CHIP,1639.55,1675
2012,00-02-72600-00168,CORN PUFF,1638.42,758
2012,00-01-72600-00574,POTATO CHIP,1634.23,4778
2012,00-02-41262-27733,POTATO CHIP,1631.45,3263
2010,00-02-77817-10700,PRETZEL,1627.85,505
2011,00-01-28400-07188,POTATO CRISP,1627.81,1829
2011,00-04-41780-00043,POTATO CHIP,1615.58,2174
2012,00-03-41780-00190,ASTSS SALTED SNACKS,1599.65,535
2010,00-01-41262-28564,POTATO CHIP,1599.38,362
2010,00-01-84114-10812,POTATO CHIP,1599.16,567
2011,00-02-41331-04911,CASSAVA CHIP,1597.31,933
2011,00-02-41262-27733,POTATO CHIP,1583.45,3167
2010,00-03-28400-01234,PRETZEL,1579.94,615
2010,00-01-16000-15980,SNACK MIX,1564.81,513
2011,00-01-77581-11124,RTE POPCORN,1554.8,520
2012,00-02-27393-00911,SOY CRISP,1540.76,534
2012,00-01-75119-14722,PRETZEL,1537.07,767
2012,06-01-35992-04320,SOY CRISP,1533.18,433
2011,00-04-20685-08472,POTATO CHIP,1532.01,669
2012,00-01-41262-28034,CHEESE SNACK,1521.25,1565
2012,00-01-28400-05640,MULTI GRAIN CHIP,1518.02,228
2012,00-01-77789-11110,CHEESE SNACK,1514.18,773
2011,01-01-81972-00051,RTE POPCORN,1512.19,513
2012,00-02-15665-60122,RICE AND CORN SNACK,1509.89,1165
2010,00-02-77817-23376,POTATO CHIP,1505.35,579
2010,00-01-77975-02003,PRETZEL,1505.33,673
2012,06-01-96200-00140,CHEESE SNACK,1502.2,480
2011,00-02-20685-08477,POTATO CHIP,1499.95,655
2012,00-01-41780-01355,CHEESE SNACK,1499.54,669
2011,00-01-41780-01113,POTATO CHIP,1497.5,2008
2011,00-01-77817-14440,RTE POPCORN,1491.93,1488
2011,00-04-41780-00061,POTATO CHIP,1490.63,4483
2011,07-01-28229-01294,POTATO CHIP,1490.5700000000002,323
2012,00-03-20685-16800,POTATO CHIP,1481.6299999999999,647
2011,07-01-24923-45900,CHEESE SNACK,1474.54,356
2010,00-06-77975-02237,PRETZEL,1442.62,640
2010,00-01-77817-12776,PRETZEL,1441.23,478
2011,00-01-75119-14722,PRETZEL,1428.76,695
2012,00-01-83791-01014,POTATO CHIP,1420.44,1596
2012,00-01-84114-10985,POTATO CHIP,1419.53,509
2012,00-02-76784-00486,CORN POP,1416.78,3153
2012,07-01-28229-01292,POTATO CHIP,1413.01,289
2010,00-01-20685-16810,POTATO CHIP,1412.98,472
2012,00-01-73416-03535,RICE CHIP,1406.94,477
2012,00-02-41331-04911,CASSAVA CHIP,1397.45,797
2012,00-01-41780-00103,POTATO CHIP,1395.0,1860
2012,00-04-41780-00061,POTATO CHIP,1394.43,4207
2011,07-01-57645-00100,PRETZEL,1393.5,402
2010,00-01-28400-05179,POTATO CHIP,1384.53,347
2012,00-04-70012-11600,PRETZEL,1376.97,513
2012,00-02-84114-00996,POTATO CHIP,1375.11,421
2012,00-04-41780-00043,POTATO CHIP,1371.0,1828
2011,00-01-08982-00002,PRETZEL,1366.54,830
2011,00-02-72600-00965,CHEESE SNACK,1363.23,1377
2011,00-05-85836-05000,POTATO CHIP,1362.03,689
2012,00-01-75119-14720,PRETZEL,1355.3,611
2011,00-01-64144-10080,RTE POPCORN,1341.8300000000002,468
2012,00-01-15839-00845,TORTILLA CHIP,1339.05,398
2012,00-01-16000-28320,CORN SNACK,1330.81,586
2011,00-03-15839-00550,TORTILLA CHIP,1325.89,403
2010,00-03-15839-00001,TORTILLA CHIP,1324.3,494
2011,00-02-84114-03320,POTATO CHIP,1321.94,982
2012,00-03-41780-00023,POTATO CHIP,1318.5,1758
2011,00-04-70012-11600,PRETZEL,1317.71,501
2010,00-02-72600-00867,PRETZEL,1309.0800000000002,192
2012,00-07-73497-26345,FRIED PORK RIND,1308.94,915
2011,00-01-72600-00576,POTATO CHIP,1308.42,3825
2011,00-01-77544-83200,WHEAT SNACK,1308.1,1353
2011,00-01-28400-07056,TORTILLA CHIP,1303.85,1465
2011,00-01-75119-64725,PRETZEL,1303.77,408
2011,00-01-76784-00485,CORN POP,1297.29,521
2010,00-01-41262-27304,ONION SALTED SNACK,1292.0,646
2012,00-01-72600-00576,POTATO CHIP,1290.94,3759
2012,00-01-77544-83200,WHEAT SNACK,1285.08,1316
2012,00-01-32355-00112,FRIED PORK RIND,1284.3200000000002,368
2012,08-01-40762-04425,POTATO CHIP,1284.16,1223
2012,00-01-28400-07056,TORTILLA CHIP,1284.02,1443
2012,06-01-35992-04450,SOY CRISP,1273.09,433
2011,06-01-34129-20476,PLANTAIN CHIP,1270.98,1284
2012,00-01-41780-00108,POTATO CHIP,1268.18,493
2011,00-01-16000-28320,CORN SNACK,1266.03,590
2011,00-01-85836-07010,POTATO CHIP,1258.76,1266
2012,00-01-27331-00073,FRIED PORK RIND,1257.76,300
2010,00-03-41780-00386,TORTILLA CHIP,1257.68,444
2012,00-03-41780-00063,POTATO CHIP,1255.5,1674
2011,00-01-77817-14040,RTE POPCORN,1255.12,3757
2011,00-03-20685-16800,POTATO CHIP,1254.92,548
2010,00-01-77975-08089,PRETZEL,1251.78,449
2011,00-01-27393-00978,SOY CRISP,1250.04,907
2011,00-07-73497-26345,FRIED PORK RIND,1239.69,1062
2012,07-01-57645-00100,PRETZEL,1234.91,361
2011,00-01-32355-00112,FRIED PORK RIND,1230.99,381
2012,00-01-41331-04922,TORTILLA CHIP,1221.06,457
2011,00-01-77817-12685,PRETZEL,1217.1299999999999,3647
2011,00-02-85836-06001,POTATO CHIP,1208.98,1221
2010,00-01-41780-00223,PRETZEL,1206.55,195
2012,00-01-14809-10703,WHEAT SNACK,1200.56,344
2011,00-02-83791-02002,POTATO CHIP,1188.15,1335
2011,00-01-41262-28039,CORN CHIP,1186.39,1238
2012,00-01-41262-28039,CORN CHIP,1184.75,1235
2012,00-03-34700-48307,POTATO SNACK,1183.27,433
2011,00-01-84114-00998,POTATO CHIP,1180.94,418
2012,00-01-32797-00672,PRETZEL,1179.66,4730
2011,00-01-28400-07054,TORTILLA CHIP,1179.64,1326
2012,00-01-28558-12123,POTATO CHIP,1175.31,379
2011,00-02-15665-60122,RICE AND CORN SNACK,1169.7,1006
2011,00-02-76784-00486,CORN POP,1157.73,2337
2012,00-02-83791-01001,POTATO CHIP,1157.0,1300
2010,00-01-15839-02020,TORTILLA CHIP,1154.83,247
2011,00-05-41780-00128,POTATO CHIP,1151.8500000000001,284
2011,00-01-30047-20008,RTE POPCORN,1149.33,537
2011,00-02-15665-22060,CHEESE SNACK,1145.91,995
2010,07-01-24923-10100,CHEESE SNACK,1139.13,287
2011,08-01-40762-04425,POTATO CHIP,1129.8700000000001,1084
2010,00-05-41780-00266,PRETZEL,1126.59,424
2011,00-01-41262-28034,CHEESE SNACK,1125.64,1146
2010,07-02-28229-12347,VEGETABLE CHIP,1123.99,281
2011,06-01-96200-00140,CHEESE SNACK,1121.17,372
2011,00-02-45764-27332,RTE POPCORN,1119.49,499
2011,00-02-85836-07008,POTATO CHIP,1118.7,1130
2012,00-01-41780-00916,RTE POPCORN,1112.76,3372
2010,00-02-77817-11150,PRETZEL,1110.74,376
2012,00-02-73497-11187,FRIED PORK RIND,1107.3799999999999,779
2011,00-02-84114-03300,POTATO CHIP,1105.06,946
2011,07-01-28229-78914,POTATO CHIP,1102.32,902
2011,00-01-84114-10707,POTATO CHIP,1098.61,399
2012,06-01-96200-00150,CHEESE SNACK,1098.46,354
2011,00-03-30047-80002,POTATO SNACK,1094.85,620
2011,00-03-41780-00341,CHEESE SNACK,1093.69,3303
2012,00-03-15839-00550,TORTILLA CHIP,1090.48,342
2010,00-01-72600-00524,PRETZEL,1087.65,459
2012,07-01-28229-67894,POTATO CHIP,1085.93,257
2012,00-01-77581-11124,RTE POPCORN,1085.3700000000001,363
2011,00-05-77817-16600,CHEESE SNACK,1084.88,394
2011,00-01-48564-00122,FRIED PORK RIND,1083.68,942
2010,00-02-15665-22030,CHEESE SNACK,1074.58,417
2012,00-01-70110-05116,PORK CRACKLING,1071.43,307
2012,00-03-41780-00016,POTATO CHIP,1065.6100000000001,428
2012,00-04-77975-02234,PRETZEL,1063.33,967
2010,00-01-16000-28370,CORN SNACK,1057.96,417
2012,00-01-83791-01004,POTATO CHIP,1057.32,1188
2012,00-01-28400-07054,TORTILLA CHIP,1048.17,1178
2010,00-01-28400-03079,POTATO CHIP,1043.96,458
2011,00-01-73497-10514,FRIED PORK RIND,1042.29,890
2011,00-01-32355-00106,CHICARRONES PRK RNDS,1038.54,346
2010,00-01-77975-02499,PRETZEL,1035.8,469
2012,00-01-93213-10201,TORTILLA CHIP,1035.5700000000002,313
2010,00-01-77817-14215,RTE POPCORN,1034.34,373
2011,00-01-14809-10703,WHEAT SNACK,1021.24,300
2011,00-02-73497-11187,FRIED PORK RIND,1017.58,802
2012,00-03-41780-00341,CHEESE SNACK,1017.3100000000001,3083
2010,00-01-77975-02942,PRETZEL,1017.1,426
2012,00-03-41262-27112,CORN CHIP,1012.5,2025
2011,00-01-84114-10597,POTATO CHIP,1008.27,374
2012,00-01-30047-20008,RTE POPCORN,1001.42,448
2011,06-01-47671-00010,TORTILLA CHIP,993.0,200
2012,00-01-93213-10301,TORTILLA CHIP,990.7800000000001,312
2012,00-01-72700-05462,POTATO SNACK,990.35,565
2012,00-01-41780-00224,PRETZEL,988.63,317
2012,00-01-16000-19333,RYE CHIP,988.48,528
2011,00-01-32797-00672,PRETZEL,986.0,3944
2012,00-01-41780-01113,POTATO CHIP,985.5,1314
2011,00-01-27331-00073,FRIED PORK RIND,982.04,230
2011,00-01-72700-05462,POTATO SNACK,977.99,527
2012,00-02-41780-00922,PARTY MIX,977.8100000000001,2963
2012,00-01-41780-00310,RTE POPCORN,972.9399999999999,816
2011,00-01-85836-07005,POTATO CHIP,972.32,982
2011,00-03-28400-00943,TORTILLA CHIP,971.46,357
2010,00-01-41262-27620,ASTSS SALTED SNACKS,970.67,96
2010,00-01-41262-28563,POTATO CHIP,966.83,217
2010,00-03-72600-00928,POTATO CHIP,966.59,436
2011,06-01-34129-54496,PLANTAIN CHIP,966.24,976
2011,00-01-28400-04404,ASTSS SALTED SNACKS,963.5,94
2011,00-01-77817-23283,POTATO CHIP,963.36,2892
2011,00-01-77817-25300,CORN CHIP,963.33,2884
2011,00-01-41780-00916,RTE POPCORN,957.33,2901
2010,00-03-77975-02280,PRETZEL,956.07,351
2010,00-01-84114-10814,POTATO CHIP,954.78,332
2011,00-01-41780-00310,RTE POPCORN,952.21,795
2011,00-01-72600-00482,POTATO CHIP,950.4,960
2011,00-02-41262-27731,POTATO CHIP,943.5,1887
2010,00-01-84114-10853,POTATO CHIP,942.77,346
2011,00-03-27393-00913,SOY CRISP,940.46,329
2011,00-01-85836-06008,POTATO CHIP,935.11,439
2012,00-01-08982-00079,PRETZEL,934.17,763
2010,00-01-41780-00345,CHEESE SNACK,927.9599999999999,1076
2011,06-01-35992-04460,SOY CRISP,925.54,306
2011,00-01-08982-00079,PRETZEL,922.88,752
2010,00-01-77975-08178,TORTILLA CHIP,918.15,341
2011,00-01-00901-00003,TORTILLA CHIP,917.48,545
2011,00-06-85836-06002,POTATO CHIP,911.93,468
2011,00-02-77817-23298,POTATO CHIP,910.77,905
2011,00-01-41780-00078,POTATO CHIP,910.5,358
2011,00-01-16000-19333,RYE CHIP,900.11,434
2011,00-01-77817-11029,PRETZEL,898.56,94
2011,00-03-52235-91711,RTE POPCORN,896.0699999999999,243
2012,07-01-44999-00001,RTE POPCORN,894.88,112
2011,00-01-77817-13064,PRETZEL,892.51,2675
2011,00-01-72600-00512,CHEESE SNACK,892.23,2597
2011,06-01-96200-00150,CHEESE SNACK,890.9,290
2012,07-02-10311-50812,PRETZEL,889.58,282
2011,00-01-84114-03370,POTATO CHIP,885.33,731
2012,00-02-41262-27731,POTATO CHIP,885.0,1772
2012,00-02-72600-00513,RTE POPCORN,876.52,2545
2010,00-01-15839-02026,TORTILLA CHIP,870.41,199
2011,00-01-28400-04006,PRETZEL,864.0,3456
2011,00-01-28558-12122,POTATO CHIP,858.97,293
2010,00-01-41780-00246,PRETZEL,855.75,320
2011,00-03-41780-00123,POTATO CHIP,853.0600000000001,1151
2011,00-02-77975-02804,VEGETABLE CRISP,851.4,860
2011,00-01-93213-10301,TORTILLA CHIP,842.23,296
2011,00-03-77975-02242,PRETZEL,835.97,317
2011,00-02-71123-00025,PLANTAIN CHIP,835.69,844
2012,00-02-15839-00503,TORTILLA CHIP,834.6700000000001,273
2011,07-01-28229-78941,POTATO CHIP,834.17,187
2010,00-01-41780-01169,POTATO CHIP,831.44,246
2012,00-01-28558-12121,POTATO CHIP,826.5400000000001,276
2010,00-02-36593-90006,TORTILLA CHIP,823.27,273
2011,07-01-28229-01301,POTATO CHIP,822.26,724
2012,00-03-15839-00841,TORTILLA CHIP,819.32,268
2012,00-01-77817-11029,PRETZEL,814.96,84
2012,00-02-70617-00062,CHEESE SNACK,803.49,331
2011,00-01-84114-10006,POTATO CHIP,802.3199999999999,298
2012,00-01-72600-00482,POTATO CHIP,800.91,809
2011,00-01-77817-24900,SNACK MIX,798.01,2385
2011,00-02-15839-00503,TORTILLA CHIP,791.87,259
2012,00-01-84114-10707,POTATO CHIP,790.78,242
2011,00-01-28400-04793,CORN CHIP,787.65,885
2011,00-01-77789-11110,CHEESE SNACK,787.04,461
2010,00-02-72600-00166,POTATO CHIP,786.97,340
2012,00-02-41780-00195,POTATO CHIP,782.33,788
2010,00-02-77817-16270,CHEESE SNACK,780.64,332
2012,00-01-77581-11114,RTE POPCORN,780.39,261
2011,00-01-77581-11114,RTE POPCORN,780.39,261
2011,00-02-41780-00922,PARTY MIX,777.99,2355
2011,07-01-55355-00501,VEGETABLE SNACK,775.55,305
2012,07-01-28229-67899,POTATO CHIP,770.97,173
2012,00-01-83791-01002,POTATO CHIP,769.85,865
2011,07-02-08163-95005,POTATO CHIP,768.1600000000001,276
2010,00-04-41780-00211,PRETZEL,759.98,292
2010,00-03-41780-00291,PRETZEL,757.86,286
2010,00-01-41780-01159,POTATO CHIP,752.1,217
2010,00-01-16000-15840,SNACK MIX,749.38,347
2012,00-01-76784-00410,CORN POP,747.98,1664
2011,00-01-93213-10201,TORTILLA CHIP,745.17,263
2011,00-03-83791-02003,POTATO CHIP,739.3100000000001,829
2010,00-01-41780-01111,POTATO CHIP,736.08,219
2012,00-02-77975-02804,VEGETABLE CRISP,735.57,743
2012,00-01-48564-00122,FRIED PORK RIND,733.93,606
2011,00-01-27393-00940,SOY CRISP,731.24,522
2011,00-01-76784-00410,CORN POP,716.48,1446
2012,00-01-73416-03534,RICE CHIP,715.63,235
2011,00-02-72600-00513,RTE POPCORN,714.66,2065
2012,00-01-00901-00005,TORTILLA CHIP,701.8,314
2011,00-01-76784-00411,CORN POP,692.22,278
2010,06-01-78523-04006,PRETZEL,691.73,107
2011,00-01-77975-08214,PRETZEL,690.41,179
2011,00-02-46555-00029,RTE POPCORN,688.9399999999999,266
2011,00-01-10311-19608,PRETZEL,686.25,175
2012,00-03-24335-01412,CHEESE SNACK,685.22,228
2011,00-02-73497-03698,FRIED PORK RIND,683.62,308
2012,00-03-41780-00314,RTE POPCORN,679.14,686
2012,00-01-41780-00041,POTATO CHIP,675.58,2046
2012,00-01-28400-04793,CORN CHIP,669.28,752
2012,00-01-76784-00490,CHEESE SNACK,667.0,1334
2012,00-01-73497-10514,FRIED PORK RIND,666.9,478
2011,07-01-28229-78940,POTATO CHIP,666.78,144
2012,00-02-77817-16090,CHEESE SNACK,665.9,1990
2011,07-01-28229-78920,POTATO CHIP,664.02,558
2011,00-04-85836-06000,POTATO CHIP,659.79,308
2010,00-01-16000-15950,SNACK MIX,659.75,222
2010,00-02-41780-00231,PRETZEL,658.15,255
2011,00-01-71146-00014,SHRIMP CHIP,657.61,329
2010,00-02-28400-02186,PRETZEL,652.77,259
2012,00-02-41262-27432,CHEESE SNACK,652.5,1305
2012,00-01-77817-16160,CHEESE SNACK,651.82,218
2010,00-02-15839-00003,TORTILLA CHIP,651.58,247
2010,07-01-28229-34566,POTATO CHIP,650.11,164
2011,00-01-77817-23040,POTATO CHIP,648.03,1940
2011,00-04-72600-00964,PRETZEL,647.66,657
2012,00-01-72600-00512,CHEESE SNACK,642.16,1868
2012,00-01-16000-19639,SNACK MIX,637.66,619
2010,00-01-77975-02968,PRETZEL,632.67,173
2011,00-02-41262-27433,CHEESE SNACK,627.45,1255
2010,00-02-20685-17200,POTATO CHIP,626.85,218
2010,00-01-77975-08216,PRETZEL,625.49,161
2011,07-02-10311-50812,PRETZEL,619.75,225
2012,00-01-27331-02057,TOSTADA CHIP,613.35,178
2010,00-01-41780-00328,PARTY MIX,613.0,100
2012,00-03-77975-02242,PRETZEL,612.13,223
2011,00-01-78907-45031,TORTILLA CHIP,611.56,477
2011,00-02-41262-27432,CHEESE SNACK,610.5,1221
2010,00-01-77975-02967,PRETZEL,606.85,165
2011,00-01-41780-00041,POTATO CHIP,606.57,1837
2011,00-03-41262-27112,CORN CHIP,604.95,1210
2011,00-02-41262-27175,RTE POPCORN,601.75,617
2012,00-03-30047-80002,POTATO SNACK,600.81,328
2011,00-01-77817-23583,POTATO CHIP,599.97,1799
2010,00-01-77975-08071,PRETZEL,598.54,252
2012,00-03-41780-00123,POTATO CHIP,597.75,797
2010,06-01-78523-04010,PRETZEL,596.35,95
2012,00-02-76784-00258,CORN PUFF,594.88,352
2012,00-02-41262-27433,CHEESE SNACK,592.0,1184
2011,07-01-28229-78943,POTATO CHIP,589.53,147
2011,00-03-73046-10095,POTATO CHIP,589.11,574
2011,00-01-73490-13084,PRETZEL,586.9,448
2012,00-01-72700-05461,POTATO CHIP,584.3,307
2011,00-01-41262-28216,CHEESE SNACK,581.61,599
2010,00-01-77975-08215,PRETZEL,580.97,147
2012,00-01-77079-00735,FRIED PORK RIND,578.0699999999999,585
2011,00-01-72600-01925,POTATO CHIP,575.0,230
2011,00-01-72600-00637,SNACK MIX,571.79,580
2011,00-01-73046-10090,POTATO CHIP,570.48,556
2012,00-01-77817-12685,PRETZEL,568.85,1702
2011,00-01-77975-08213,PRETZEL,567.53,147
2012,01-01-81972-00051,RTE POPCORN,566.51,189
2010,00-02-28400-05880,ONION SALTED SNACK,566.44,150
2010,00-02-44000-00609,SNACK MIX,565.69,212
2012,00-01-24335-01410,TORTILLA CHIP,564.85,95
2010,00-02-77817-12620,PRETZEL,564.23,157
2010,00-01-77975-02318,PRETZEL,563.58,247
2010,00-01-77975-08070,PRETZEL,560.86,241
2012,00-01-78907-45031,TORTILLA CHIP,559.53,457
2012,00-01-72600-00162,POTATO CHIP,559.38,557
2011,00-02-76784-00258,CORN PUFF,557.7,330
2010,00-01-72600-00526,PRETZEL,557.34,235
2010,00-02-15839-00002,TORTILLA CHIP,554.8,187
2011,00-02-41331-04934,PLANTAIN CHIP,553.16,324
2011,00-03-34700-48307,POTATO SNACK,552.34,206
2011,07-01-28229-78923,POTATO CHIP,550.22,124
2011,00-01-41780-01119,POTATO CHIP,549.27,153
2011,00-01-85836-07006,POTATO CHIP,547.73,553
2010,00-04-41780-00241,PRETZEL,546.9,206
2011,00-01-77817-23498,POTATO CHIP,546.63,1641
2012,00-01-71146-00014,SHRIMP CHIP,546.5699999999999,273
2011,00-01-84114-03070,POTATO CHIP,544.81,189
2010,00-01-16000-15940,SNACK MIX,544.43,237
2012,00-02-83791-01003,POTATO CHIP,542.01,609
2010,00-01-41780-01211,PRETZEL,540.88,162
2010,00-01-77975-08217,PRETZEL,536.45,137
2010,00-02-64144-10690,RTE POPCORN,535.35,422
2011,00-01-28400-09156,POTATO CHIP,533.11,599
2010,00-01-71146-00245,SNAPEA CRISP,530.73,287
2012,07-01-55355-00501,VEGETABLE SNACK,530.02,208
2011,00-05-41780-00325,CORN CHIP,529.96,504
2012,00-03-41780-00105,POTATO CHIP,527.12,525
2012,00-01-27393-00978,SOY CRISP,527.12,348
2010,00-01-28400-04024,CHEESE SNACK,520.98,137
2012,00-01-77817-24900,SNACK MIX,518.65,1552
2012,07-01-57645-00830,PRETZEL,516.99,206
2010,00-01-28400-04769,PRETZEL,516.45,204
2012,00-01-76784-00411,CORN POP,516.15,215
2011,00-01-72600-00575,POTATO CHIP,515.71,1503
2010,00-01-16000-15136,SNACK MIX,515.38,196
2011,00-01-73416-03534,RICE CHIP,504.55,175
2011,00-01-76784-00490,CHEESE SNACK,503.5,1007
2012,00-01-84114-03333,POTATO CHIP,503.32,421
2012,00-02-73497-03698,FRIED PORK RIND,502.71000000000004,200
2012,00-01-84114-03260,POTATO CHIP,499.91,419
2012,00-05-41780-00325,CORN CHIP,497.92,378
2011,00-04-77975-02234,PRETZEL,496.98,502
2012,00-03-72600-00622,POTATO CHIP,495.89,1442
2011,00-01-72600-00401,PRETZEL,494.06,1423
2010,00-03-41780-00105,POTATO CHIP,493.25,497
2012,06-01-04183-18020,TORTILLA CHIP,493.0,170
2011,07-02-08163-97205,POTATO CHIP,489.16,203
2011,07-01-08163-21105,POTATO CHIP,487.58000000000004,223
2011,06-01-13008-71556,TORTILLA CHIP & DIP,483.72,328
2012,00-05-41780-00335,CORN CHIP,483.64,388
2011,00-02-41262-28033,POTATO CHIP,483.12,488
2010,00-02-72600-00178,POTATO CHIP,482.46999999999997,214
2012,07-01-10311-76296,PRETZEL,480.78,142
2011,00-01-72700-05461,POTATO CHIP,480.67,210
2012,00-05-72600-00640,POTATO CHIP,476.19,481
2010,00-04-28400-02211,PRETZEL,475.31,191
2011,00-05-41780-00335,CORN CHIP,470.65000000000003,393
2012,00-01-73490-13084,PRETZEL,467.78999999999996,373
2011,00-01-72700-05387,POTATO CHIP,462.98,220
2011,07-01-10311-76295,PRETZEL,457.37,163
2011,00-01-41262-27246,RTE POPCORN,454.34000000000003,471
2012,00-01-64144-10070,RTE POPCORN,452.97,136
2012,00-01-16000-12609,SNACK MIX,448.13,452
2011,07-01-32626-10020,FRIED PORK RIND,444.45,244
2010,08-01-54137-00021,TORTILLA CHIP,435.76,84
2011,00-01-72600-00642,PRETZEL,432.63,437
2010,00-01-16000-16490,SNACK MIX,425.55,183
2012,00-01-84114-10006,POTATO CHIP,423.1,169
2011,06-01-34129-20729,PLANTAIN CHIP,422.73,427
2012,00-01-77817-25300,CORN CHIP,422.68,1264
2010,00-01-28400-05640,MULTI GRAIN CHIP,422.34,55
2012,00-02-00901-00001,TORTILLA CHIP,419.79,201
2011,00-03-72600-00622,POTATO CHIP,419.46,1223
2011,00-05-72600-00640,POTATO CHIP,419.40000000000003,424
2011,00-02-73046-10050,POTATO CHIP,419.05,406
2010,00-01-41262-28216,CHEESE SNACK,418.1,427
2012,00-01-77817-14040,RTE POPCORN,417.71,1250
2012,07-01-28229-01301,POTATO CHIP,414.75,283
2012,00-01-72700-05386,POTATO CHIP,413.22,208
2012,06-01-04183-18050,TORTILLA CHIP,412.24,146
2011,00-01-72600-00813,POTATO CHIP,408.4,1186
2012,00-02-41780-00133,POTATO CHIP,408.0,544
2010,00-01-15665-10350,CORN SNACK,407.85,151
2012,00-03-52235-91711,RTE POPCORN,405.71999999999997,108
2010,00-01-41780-00165,POTATO CHIP,403.92,387
2012,00-01-41262-27181,POTATO CHIP,402.5,805
2012,00-03-72600-00660,POTATO CHIP,401.4,395
2011,00-02-84114-00994,POTATO CHIP,400.23,150
2010,00-01-77975-08276,VEGETABLE CRISP,398.89,102
2012,00-01-73046-10090,POTATO CHIP,397.46,334
2010,00-02-41780-00326,PARTY MIX,396.87,137
2010,00-01-72600-00338,PRETZEL,394.41,141
2010,00-02-77817-14290,RTE POPCORN,388.94,157
2010,00-01-41780-00359,CHEESE SNACK,387.37,63
2012,00-05-77817-16600,CHEESE SNACK,386.45,135
2011,00-04-77817-23462,POTATO CHIP,384.8,385
2010,00-01-77817-11725,PRETZEL,384.12,191
2012,00-02-24335-21126,TORTILLA CHIP,382.61,89
2010,00-02-28400-05352,MULTI GRAIN CHIP,382.13,167
2011,00-02-72600-00583,PRETZEL,381.74,204
2012,00-02-70617-00079,CHEESE SNACK,381.37,153
2010,00-01-41262-27651,CHEESE SNACK,379.05,95
2012,07-01-28229-01294,POTATO CHIP,377.31,79
2011,00-01-71026-00031,PLANTAIN CHIP,376.55,135
2012,00-01-96786-20362,WHEAT SNACK,374.64,223
2011,00-01-77975-08245,PRETZEL,374.35,136
2011,00-02-24335-21126,TORTILLA CHIP,374.01,89
2011,00-01-24335-21116,TORTILLA CHIP,367.19,91
2011,00-02-85836-06004,POTATO CHIP,367.08,144
2012,00-01-27393-00967,SOY CRISP,365.71000000000004,129
2011,07-01-08163-21405,POTATO CHIP,363.91,180
2012,00-03-73046-10095,POTATO CHIP,361.76,304
2010,00-01-53852-00300,TORTILLA CHIP,361.15,145
2011,07-01-10311-76296,PRETZEL,360.54,126
2011,00-01-70110-05116,PORK CRACKLING,359.47,103
2010,00-01-20685-18521,POTATO CHIP,355.11,89
2010,00-03-77817-13030,PRETZEL,353.5,132
2011,00-01-72700-05386,POTATO CHIP,352.35,171
2010,00-01-28400-05011,CHEESE SNACK,352.26,154
2011,00-03-77817-23569,POTATO CHIP,351.64,352
2012,00-01-72700-05387,POTATO CHIP,350.4,178
2011,06-01-13008-71490,TORTILLA CHIP & DIP,348.48,236
2011,07-01-24923-45700,CHEESE SNACK,347.19,81
2012,00-01-76784-00495,CHEESE SNACK,345.21,129
2012,00-06-43427-18119,POTATO CHIP,343.3,364
2010,00-02-64144-10730,RTE POPCORN,341.09000000000003,251
2011,00-01-30047-20018,RTE POPCORN,340.35,155
2012,00-04-72600-00095,POTATO CHIP,338.61,334
2010,00-02-77817-11205,PRETZEL,338.44,116
2012,00-02-84114-03320,POTATO CHIP,336.97,281
2011,00-01-71146-31111,SNOW PEA CRISP,335.94,196
2012,00-04-72600-00563,POTATO CHIP,335.77,325
2012,00-01-43427-18115,CORN CHIP,331.2,149
2012,00-01-72600-00642,PRETZEL,330.66,334
2010,00-01-28400-04739,TORTILLA CHIP,329.46,144
2011,00-01-43427-18115,CORN CHIP,329.24,146
2012,00-01-27393-00361,POTATO CRISP,328.89,211
2012,00-02-43427-18120,POTATO CHIP,326.61,359
2010,00-03-41262-27247,ASTSS SALTED SNACKS,325.87,111
2011,00-02-24335-01420,CHEESE SNACK,322.31,139
2012,07-01-10311-76295,PRETZEL,322.12,108
2011,00-01-76784-00495,CHEESE SNACK,321.15999999999997,124
2010,00-01-15839-00821,TORTILLA CHIP,320.91,79
2010,06-01-47671-00020,TORTILLA CHIP,320.35,65
2012,00-01-72600-00401,PRETZEL,319.96,923
2012,00-01-72600-00192,POTATO CHIP,319.77,323
2012,00-03-83791-02001,POTATO CHIP,318.34000000000003,356
2011,00-03-72600-00985,RTE POPCORN,317.79,321
2011,00-02-30047-53301,POTATO SNACK,317.53,867
2010,00-03-72600-00531,PRETZEL,317.41,136
2011,00-01-32355-00111,CHICARRONES PRK RNDS,316.92,228
2010,00-01-41262-28211,POTATO CHIP,316.8,320
2012,00-01-30047-20018,RTE POPCORN,316.49,136
2012,00-04-72600-00964,PRETZEL,314.82,318
2010,00-01-78907-45034,TORTILLA CHIP,313.47,93
2012,00-01-24335-21116,TORTILLA CHIP,311.17,73
2010,06-01-55852-00146,VEGETABLE CHIP,310.47,53
2011,00-02-72600-00222,CHEESE SNACK,309.87,313
2010,00-01-77975-02380,PRETZEL,308.41,111
2012,00-01-72600-00575,POTATO CHIP,308.33,899
2010,08-01-54137-00020,CORN CHIP,305.62,58
2012,00-01-71146-31111,SNOW PEA CRISP,305.12,178
2011,07-01-28229-67899,POTATO CHIP,304.81,73
2012,00-01-72600-00813,POTATO CHIP,304.02,877
2011,06-01-34129-20718,YUCA CHIP,302.76,306
2010,00-01-70271-00620,PRETZEL,299.41,59
2010,08-01-52772-00101,TORTILLA CHIP,297.59,140
2010,00-01-41262-28214,POTATO CHIP,296.81,308
2011,00-06-43427-18119,POTATO CHIP,294.69,285
2010,07-01-28229-67901,POTATO CHIP,293.43,77
2010,00-02-77975-02387,PRETZEL,289.24,107
2011,00-03-15839-00841,TORTILLA CHIP,287.72,92
2010,00-01-20685-18519,POTATO CHIP,287.28,72
2010,00-01-36593-90007,TORTILLA CHIP,287.05,95
2012,00-01-72600-00637,SNACK MIX,285.12,288
2012,00-01-83791-02014,POTATO CHIP,285.0,320
2011,00-02-41262-27090,POTATO CHIP,284.45,569
2012,00-03-83791-02004,POTATO CHIP,284.21,319
2012,00-02-41262-27090,POTATO CHIP,284.0,568
2012,07-01-28229-78920,POTATO CHIP,283.95,225
2010,00-03-41780-00199,ASTSS SALTED SNACKS,283.2,80
2012,00-01-77817-13064,PRETZEL,282.03,844
2011,00-01-32797-00676,POTATO CHIP,281.28000000000003,813
2010,00-03-41262-27337,CHEESE SNACK,278.84000000000003,284
2012,00-03-41780-00303,RTE POPCORN,276.21,159
2010,00-02-77544-80620,CORN SNACK,274.31,403
2011,00-05-32797-00887,POTATO CHIP,274.21,179
2011,00-01-30047-80032,POTATO SNACK,274.02,155
2010,00-01-73416-03530,RICE CHIP,273.64,103
2011,00-01-41780-00323,SNACK MIX,271.04,363
2011,00-01-96786-20362,WHEAT SNACK,270.48,161
2012,00-01-72600-00290,FRIED PORK RIND,269.28000000000003,272
2010,00-01-27393-00950,SOY CRISP,269.16,179
2011,00-01-77817-11860,PRETZEL,268.90999999999997,82
2011,00-02-70617-00079,CHEESE SNACK,268.44,116
2010,00-02-41780-01272,SNACK MIX,267.56,44
2012,00-03-72600-00967,RTE POPCORN,267.3,270
2011,00-01-72600-00290,FRIED PORK RIND,266.11,269
2010,00-01-77079-00735,FRIED PORK RIND,263.38,270
2011,00-02-70617-00062,CHEESE SNACK,263.17,113
2010,00-03-41780-00075,POTATO CHIP,260.14,262
2011,00-03-41780-00314,RTE POPCORN,260.12,264
2011,08-01-56856-00103,RTE POPCORN,260.0,104
2012,00-02-70617-00075,CHEESE SNACK,259.75,105
2011,00-01-64144-10215,RTE POPCORN,259.5,173
2011,00-01-24335-01410,TORTILLA CHIP,259.14,46
2012,00-01-28400-04741,CHEESE SNACK,254.19,111
2010,00-01-28400-04741,CHEESE SNACK,253.99,111
2012,00-01-30047-80032,POTATO SNACK,253.72,145
2011,00-01-32797-00675,POTATO CHIP,247.32999999999998,721
2012,00-01-10311-19608,PRETZEL,246.87,57
2012,00-01-75119-64724,PRETZEL,240.79,121
2011,00-01-18195-70760,POTATO CHIP,240.60000000000002,102
2010,00-01-77975-02025,PRETZEL,240.38,84
2011,00-02-41262-27075,POTATO CHIP,240.0,480
2011,00-01-49508-00640,PRETZEL,239.76,24
2011,00-01-30047-53202,POTATO SNACK,239.73,127
2012,00-03-41780-00124,POTATO CHIP,238.59,241
2012,00-01-32355-00111,CHICARRONES PRK RNDS,236.54,166
2010,00-01-41780-00194,POTATO CHIP,236.34,66
2011,00-02-15839-00600,TORTILLA CHIP,235.35,185
2010,06-01-35992-04330,SOY CRISP,234.04,76
2012,00-01-77817-16638,CHEESE SNACK,234.0,700
2010,00-04-77975-02264,PRETZEL,233.32000000000002,86
2010,00-02-70271-00310,PRETZEL,230.54000000000002,46
2012,00-02-41262-27075,POTATO CHIP,229.0,458
2011,00-03-72600-00967,RTE POPCORN,226.71,229
2011,07-01-24923-45500,CHEESE SNACK,225.48000000000002,52
2010,00-01-71146-00246,SNAPEA CRISP,220.6,120
2012,00-02-28400-05352,MULTI GRAIN CHIP,219.84,96
2011,00-03-70236-00237,FRIED PORK RIND,219.78,222
2012,00-02-72600-00222,CHEESE SNACK,218.36,222
2010,07-02-28229-01290,POTATO CHIP,217.59,41
2012,00-01-36593-00004,TORTILLA CHIP,216.94,66
2010,00-01-41262-28213,POTATO CHIP,215.89,225
2012,00-02-30047-53301,POTATO SNACK,214.89000000000001,551
2010,00-02-30000-02913,RTE POPCORN,213.91,129
2011,00-02-19631-00104,FRIED PORK RIND,212.94,126
2011,00-01-30047-11212,TORTILLA CHIP,210.89,101
2010,00-03-15839-00006,TORTILLA CHIP,210.16,64
2012,00-01-70110-05117,PORK CRACKLING,209.4,60
2011,00-02-43427-18120,POTATO CHIP,209.25,228
2012,00-02-41262-28033,POTATO CHIP,208.53,217
2011,00-02-70236-00239,FRIED PORK RIND,206.91,209
2011,00-01-72995-02009,PLANTAIN CHIP,204.93,207
2011,00-03-32797-00891,POTATO CHIP,202.71,135
2010,00-01-41262-27649,TORTILLA CHIP,201.25,204
2010,07-01-28229-23456,POTATO CHIP,199.48999999999998,51
2011,00-01-82204-00006,PRETZEL,199.34,106
2012,00-03-72600-00985,RTE POPCORN,198.99,201
2010,00-01-41780-01317,TORTILLA CHIP,197.43,57
2012,07-01-28229-78941,POTATO CHIP,197.37,43
2010,07-01-28229-01315,VEGETABLE CHIP,196.1,50
2012,00-01-30047-11212,TORTILLA CHIP,194.65,85
2011,00-01-45764-27336,RTE POPCORN,194.53,89
2012,00-01-72600-00861,CORN PUFF,193.33,197
2010,00-01-70273-20701,PRETZEL,193.06,98
2011,00-01-71026-00067,PLANTAIN CHIP,192.85,108
2010,00-01-41331-04939,FRIED PORK RIND,191.16,75
2010,00-02-41780-00382,TORTILLA CHIP,190.64999999999998,196
2010,00-01-64144-10070,RTE POPCORN,189.96,60
2010,00-03-77817-15660,TORTILLA CHIP,189.19,65
2012,06-01-34129-20718,YUCA CHIP,189.09,191
2011,00-01-20685-17000,POTATO CHIP,187.78,82
2010,00-03-78516-00013,FRIED PORK RIND,185.38,98
2010,00-01-84114-10815,POTATO CHIP,184.66,64
2012,00-01-84114-03370,POTATO CHIP,182.64,146
2011,00-01-70617-00076,CHEESE SNACK,180.70000000000002,80
2011,00-02-72600-00990,PRETZEL,178.83,57
2011,00-03-73046-89087,POTATO CHIP,178.18,172
2011,00-01-18195-70761,POTATO CHIP,177.88,78
2012,00-01-77975-08156,PRETZEL,177.48,134
2012,00-01-30047-53202,POTATO SNACK,176.9,94
2012,00-01-16000-15970,SNACK MIX,176.23,59
2010,00-02-16000-16430,SNACK MIX,174.02,64
2012,00-02-83791-02002,POTATO CHIP,173.55,195
2010,00-01-30000-27163,RTE POPCORN,173.44,86
2010,00-01-41262-28215,POTATO CHIP,172.21,178
2011,00-01-27393-00361,POTATO CRISP,170.93,123
2011,00-01-41262-27649,TORTILLA CHIP,170.82999999999998,174
2012,07-01-80994-65010,RTE POPCORN,170.81,19
2010,00-03-15839-00500,TORTILLA CHIP,170.49,51
2010,00-01-84114-10990,POTATO CHIP,169.92000000000002,48
2010,00-01-72600-00617,PRETZEL,168.99,105
2011,00-02-72600-00077,RTE POPCORN,167.66,87
2010,00-02-72600-00076,RTE POPCORN,166.92,90
2010,00-01-41780-00366,FRIED PORK RIND,166.47,93
2010,00-04-41780-00187,POTATO CHIP,166.07,57
2011,00-01-30047-11213,TORTILLA CHIP,165.17,83
2010,00-01-16000-28350,CORN SNACK,165.14,46
2012,00-01-72170-02527,PARTY MIX,164.34,166
2012,07-01-28229-78914,POTATO CHIP,162.53,127
2010,00-02-41780-00195,POTATO CHIP,162.11,157
2011,00-02-72170-00110,PORK CRACKLING,161.37,163
2012,00-01-24335-06109,TORTILLA CHIP,161.36,34
2010,00-01-73416-03532,RICE CHIP,161.13,56
2010,07-01-28229-45680,VEGETABLE CHIP,160.99,31
2011,00-03-21900-06810,CORN SNACK,160.75,163
2010,00-01-41780-00302,RTE POPCORN,160.69,123
2010,00-02-72600-00925,TORTILLA CHIP,158.5,67
2011,00-02-72600-00076,RTE POPCORN,158.17,85
2010,00-01-41780-01119,POTATO CHIP,157.96,44
2010,00-01-41780-00254,PRETZEL,157.64000000000001,55
2010,00-01-15839-00825,TORTILLA CHIP,156.4,40
2011,08-01-56856-00105,RTE POPCORN,155.0,62
2012,00-02-72170-00110,PORK CRACKLING,153.45,155
2012,00-03-21900-06810,CORN SNACK,153.21,149
2012,00-01-27393-00960,SOY CRISP,153.17000000000002,103
2011,00-06-43427-18104,POTATO CHIP,152.98,391
2010,00-01-16000-15110,SNACK MIX,151.81,56
2011,00-01-70412-11090,POTATO CHIP,149.4,60
2012,07-01-24923-45700,CHEESE SNACK,147.17000000000002,33
2011,07-02-08163-21305,POTATO CHIP,143.56,50
2011,00-01-77975-08156,PRETZEL,143.55,145
2012,00-02-41262-27187,ONION SALTED SNACK,143.25,339
2012,00-03-70236-00237,FRIED PORK RIND,142.56,144
2012,00-01-84114-10597,POTATO CHIP,142.5,57
2011,00-01-77817-16638,CHEESE SNACK,142.47,426
2012,00-01-70617-00076,CHEESE SNACK,142.18,62
2011,00-01-72170-02527,PARTY MIX,141.85,144
2012,00-02-77817-23298,POTATO CHIP,139.67000000000002,133
2011,00-02-41262-27187,ONION SALTED SNACK,139.55,279
2012,07-01-39748-06211,PRETZEL,139.46,54
2012,00-02-15839-00600,TORTILLA CHIP,139.32,108
2010,00-02-16000-16060,SNACK MIX,138.92000000000002,48
2010,00-01-72600-00160,POTATO CHIP,138.6,140
2011,00-02-70617-00075,CHEESE SNACK,138.57,63
2012,07-01-28229-78943,POTATO CHIP,138.16,34
2010,00-01-16000-14634,SNACK MIX,136.87,51
2011,00-01-77789-40050,TORTILLA CHIP,136.73,95
2011,07-01-10311-42633,PRETZEL,136.42,38
2010,00-02-72600-00728,POTATO CHIP,136.4,62
2011,00-01-77975-08246,PRETZEL,135.48,53
2011,00-01-74488-44451,FRIED PORK RIND,133.96,118
2012,07-01-39748-06212,PRETZEL,133.68,52
2011,00-01-16000-19360,SNACK MIX,133.67000000000002,35
2010,00-01-15839-00847,TORTILLA CHIP,133.51,40
2010,00-01-84114-10813,POTATO CHIP,132.93,50
2010,00-01-41331-04935,FRIED PORK RIND,132.91,81
2010,00-01-27393-00965,SOY CRISP,132.88,89
2011,00-01-32797-00693,POTATO CHIP,132.84,36
2010,06-01-35992-04310,SOY CRISP,131.59,41
2010,00-03-77817-15380,TORTILLA CHIP,131.31,45
2012,00-01-43427-18134,TORTILLA CHIP,130.34,266
2011,00-01-32797-00694,POTATO CHIP,129.15,35
2012,00-01-45764-27336,RTE POPCORN,128.57,63
2012,00-02-41262-27124,POTATO CHIP,128.49,505
2012,00-01-30047-11213,TORTILLA CHIP,128.24,56
2011,07-01-57645-00820,PRETZEL,127.7,56
2012,07-01-32626-10020,FRIED PORK RIND,127.34,66
2011,00-01-72600-00247,CHEESE SNACK,126.72,128
2010,00-03-77817-28606,CHEESE SNACK,126.68,127
2010,00-01-72466-51150,PRETZEL,125.16,84
2011,00-01-28400-04606,PRETZEL,123.71000000000001,139
2010,00-04-72466-94777,PRETZEL,123.67,83
2010,07-02-55355-00117,RTE POPCORN,123.02,38
2011,00-02-41262-27124,POTATO CHIP,122.96,507
2010,00-01-77544-80600,BAMBA SNACK,121.79,67
2012,00-02-73046-10050,POTATO CHIP,121.38,102
2012,00-03-73046-89087,POTATO CHIP,120.19,101
2011,00-01-43427-18134,TORTILLA CHIP,119.97,252
2010,00-01-77817-10730,PRETZEL,119.77000000000001,120
2010,00-01-16000-16952,SNACK MIX,118.43,37
2011,00-01-84114-11172,POTATO CHIP,114.38999999999999,41
2011,07-01-57645-00600,PRETZEL,113.87,48
2012,00-02-41262-27043,CHEESE SNACK,113.15,373
2010,00-01-72600-00930,POTATO CHIP,111.61,29
2011,00-01-64144-10214,RTE POPCORN,111.36,72
2010,00-03-70271-00539,PRETZEL,110.78,22
2012,00-01-32797-00675,POTATO CHIP,110.41,316
2010,00-04-77975-02265,PRETZEL,109.72,48
2012,00-01-32797-00676,POTATO CHIP,109.69,319
2011,00-01-28558-73002,CHEESE SNACK,109.53,74
2011,00-03-28400-00174,POTATO CHIP,109.47,123
2011,00-03-41262-27106,POTATO CHIP,109.0,218
2011,00-01-41262-27181,POTATO CHIP,107.5,215
2010,00-02-41780-00212,PRETZEL,106.23,37
2012,00-01-72600-00849,POTATO CHIP,105.93,107
2010,00-01-48564-00118,FRIED PORK RIND,105.35,32
2011,00-01-73046-90005,RTE POPCORN,105.16,89
2011,00-03-72600-00225,RTE POPCORN,103.95,105
2010,00-01-84114-10985,POTATO CHIP,103.88,32
2010,00-01-72995-01103,PLANTAIN CHIP,102.12,69
2010,00-04-41262-27299,ONION SALTED SNACK,101.09,104
2012,00-01-77789-40050,TORTILLA CHIP,100.5,67
2010,07-01-57645-00840,PRETZEL,100.17,39
2012,07-01-28229-78940,POTATO CHIP,99.98,22
2012,00-02-24335-01420,CHEESE SNACK,99.96,44
2011,00-01-16000-15970,SNACK MIX,99.89,37
2010,00-01-41780-00202,PRETZEL,98.76,34
2010,00-01-78907-45037,TORTILLA CHIP,98.21000000000001,29
2010,00-01-41780-00145,POTATO CHIP,97.98,98
2011,07-02-55355-00100,PRETZEL,97.82,38
2012,07-01-39748-06214,PRETZEL,97.42,38
2012,00-01-15839-00590,TORTILLA CHIP,97.26,34
2011,00-01-32797-00663,PRETZEL,96.69,57
2010,00-04-78516-00033,FRIED PORK RIND,96.26,50
2010,00-01-41780-01327,TORTILLA CHIP,95.52000000000001,28
2011,00-01-28558-12124,POTATO CHIP,95.27000000000001,33
2010,00-03-41780-00303,RTE POPCORN,95.12,66
2011,00-01-72600-00861,CORN PUFF,95.04,98
2010,00-03-15665-60104,RICE AND CORN SNACK,94.99,85
2010,00-01-15839-00882,TORTILLA CHIP,94.63,27
2011,00-01-41262-27217,POTATO CHIP,94.5,189
2011,00-01-72600-00972,RTE POPCORN,94.28999999999999,51
2010,00-03-41780-00394,TORTILLA CHIP,93.75999999999999,94
2011,00-02-71026-00006,PLANTAIN CHIP,92.05,60
2012,00-03-41262-27106,POTATO CHIP,90.5,181
2010,00-01-48564-00123,FRIED PORK RIND,90.31,78
2010,00-05-70415-10156,PRETZEL,90.19,118
2010,07-03-28229-12350,VEGETABLE CHIP,90.17999999999999,22
2010,00-01-49508-00640,PRETZEL,89.91,9
2011,06-01-89423-00272,SALTED SNACK,89.83,227
2010,00-01-77581-11144,RTE POPCORN,89.7,30
2010,00-01-71026-00002,PLANTAIN CHIP,89.59,51
2010,00-01-16000-15810,SNACK MIX,87.99,32
2010,00-01-77817-12430,PRETZEL,87.95,42
2011,00-01-15839-00590,TORTILLA CHIP,87.74000000000001,36
2011,00-05-77975-02267,PRETZEL,87.72,36
2012,00-02-41262-27732,POTATO CHIP,87.5,175
2011,07-01-33397-07512,PRETZEL,87.25,25
2012,00-01-41262-27217,POTATO CHIP,87.0,174
2010,00-01-41780-01355,CHEESE SNACK,86.96,43
2010,07-02-57645-00300,PRETZEL,86.76,29
2011,00-01-15665-10353,CORN STICK,85.84,76
2010,00-03-15839-00561,TORTILLA CHIP,85.47,28
2011,00-03-41780-00016,POTATO CHIP,84.80000000000001,34
2010,00-01-72600-00546,ASTSS SALTED SNACKS,83.79,21
2010,07-01-57645-00200,PRETZEL,82.94,27
2010,00-03-72600-00660,POTATO CHIP,82.86,77
2012,07-01-28229-78923,POTATO CHIP,82.62,18
2010,07-01-32626-10010,FRIED PORK RIND,82.59,41
2011,07-01-10311-42632,PRETZEL,82.57,23
2011,00-01-32797-00696,POTATO CHIP,81.47,236
2012,00-03-83791-02003,POTATO CHIP,81.09,91
2010,00-01-41331-04941,CASSAVA CHIP,80.92,46
2010,00-01-27393-00955,SOY CRISP,80.84,57
2011,06-01-04183-18020,TORTILLA CHIP,79.86,24
2010,06-01-47671-00030,TORTILLA CHIP,79.83,17
2010,00-02-00901-00001,TORTILLA CHIP,78.16,44
2010,00-02-77544-82600,WHEAT SNACK,77.7,83
2010,00-01-27393-00971,SOY CRISP,77.7,30
2010,00-01-41780-00058,POTATO CHIP,77.55,27
2012,00-01-32797-00696,POTATO CHIP,77.39,226
2010,00-02-77817-14159,RTE POPCORN,76.67,77
2011,06-01-04183-18050,TORTILLA CHIP,75.96,24
2010,00-01-77079-00736,FRIED PORK RIND,75.24,76
2010,00-04-41780-00258,PRETZEL,75.1,28
2010,00-05-78516-00023,FRIED PORK RIND,74.75,44
2010,00-01-16000-15135,SNACK MIX,74.34,28
2010,06-01-35992-04440,SOY CRISP,73.74,26
2011,00-01-77817-11020,PRETZEL,73.44,220
2011,07-01-33397-07108,PRETZEL,73.29,21
2011,07-01-10342-45953,CHEESE SNACK,72.0,24
2011,07-02-10311-42634,PRETZEL,71.8,20
2010,00-01-16000-13680,SNACK MIX,71.7,20
2011,00-03-72170-00641,ONION SALTED SNACK,71.6,40
2011,00-02-32797-00892,POTATO CHIP,71.55,45
2011,07-01-57645-00800,PRETZEL,71.30000000000001,25
2012,00-01-32797-00698,POTATO CHIP,70.9,205
2012,00-01-73046-90005,RTE POPCORN,70.8,60
2010,00-01-27393-00967,SOY CRISP,70.74000000000001,26
2011,00-02-41262-27732,POTATO CHIP,70.5,141
2010,00-01-16000-16951,SNACK MIX,70.48,22
2010,00-01-15839-00823,TORTILLA CHIP,70.42,18
2012,00-03-72600-00225,RTE POPCORN,70.29,71
2012,00-01-32797-00694,POTATO CHIP,70.11,19
2010,06-01-47671-00010,TORTILLA CHIP,69.86,14
2011,00-01-72600-00585,TORTILLA CHIP,69.3,198
2010,00-03-90939-02555,RTE POPCORN,69.24000000000001,26
2010,00-03-27393-00913,SOY CRISP,68.57000000000001,23
2010,00-01-77079-00740,FRIED PORK RIND,68.31,69
2010,00-01-70415-10161,PRETZEL,67.72,87
2010,06-01-35992-04300,SOY CRISP,67.37,23
2010,00-01-28400-09085,POTATO CHIP,67.25,269
2012,00-04-77975-02244,PRETZEL,66.81,23
2010,00-01-41780-00376,FRIED PORK RIND,66.22999999999999,37
2012,00-02-28400-00807,TORTILLA CHIP,66.2,20
2010,07-02-28229-13456,VEGETABLE CHIP,65.52,48
2011,07-02-57645-00500,PRETZEL,65.28,31
2010,00-01-28400-01423,RTE POPCORN,65.25,261
2010,00-02-41262-27175,RTE POPCORN,65.17,67
2010,00-01-70271-00627,PRETZEL,64.87,13
2011,00-02-41262-27043,CHEESE SNACK,64.56,262
2010,07-01-57645-00850,PRETZEL,64.27,25
2010,00-02-85836-06001,POTATO CHIP,63.36,64
2010,00-01-72600-00162,POTATO CHIP,63.09,51
2010,00-01-72600-00972,RTE POPCORN,62.87,33
2011,00-01-32797-00662,PRETZEL,62.08,36
2011,07-01-33397-07506,PRETZEL,61.69,31
2010,00-01-73490-13087,PRETZEL,61.53,60
2010,00-01-27393-00970,SOY CRISP,61.52,40
2010,00-01-27393-00972,SOY CRISP,61.48,39
2010,00-03-24335-01412,CHEESE SNACK,61.28,22
2012,00-02-32797-00892,POTATO CHIP,61.11,38
2011,00-02-41780-00343,CHEESE SNACK,60.59,86
2010,00-01-72600-00192,POTATO CHIP,60.39,61
2010,00-01-46100-00752,PRETZEL AND DIP,58.980000000000004,41
2011,00-01-74488-44453,FRIED PORK RIND,58.699999999999996,53
2010,00-01-77975-08175,PRETZEL,58.54,16
2012,00-01-27393-00362,POTATO CRISP,58.47,33
2012,00-01-72600-00962,POTATO CHIP,58.45,167
2010,00-01-41780-00224,PRETZEL,58.300000000000004,20
2010,00-01-72600-00169,CORN PUFF,57.709999999999994,29
2010,00-03-15839-00550,TORTILLA CHIP,57.53,17
2010,00-01-73416-03533,RICE CHIP,57.51,19
2010,00-01-90939-02125,RTE POPCORN,57.42,58
2010,00-01-41780-00158,POTATO CHIP,56.86,19
2012,07-01-57645-00800,PRETZEL,56.81,20
2010,00-02-28400-09151,TORTILLA CHIP,56.75,227
2010,00-01-28400-07188,POTATO CRISP,56.06999999999999,63
2012,00-03-72170-00641,ONION SALTED SNACK,55.49,31
2011,00-01-27393-00362,POTATO CRISP,55.47,43
2010,00-05-72600-00539,PRETZEL,55.47,23
2011,00-02-41780-00203,PRETZEL,54.989999999999995,73
2011,00-01-32797-00660,PRETZEL,54.7,32
2012,00-01-41262-27185,POTATO CHIP,54.53,218
2011,00-03-83791-02007,POTATO CHIP,54.45,55
2010,00-01-27393-00960,SOY CRISP,54.14,37
2012,07-01-48757-00108,TORTILLA CHIP,54.08,32
2011,00-01-32797-00698,POTATO CHIP,53.81,158
2010,00-01-77544-82900,WHEAT SNACK,53.78,62
2012,00-01-00901-00003,TORTILLA CHIP,53.65,35
2010,00-03-41780-00003,POTATO CHIP,53.25,71
2010,00-01-28400-04006,PRETZEL,53.25,213
2012,00-01-41780-00008,POTATO CHIP,52.82,38
2011,06-01-89423-00273,SALTED SNACK,52.79,134
2010,00-03-41262-27415,POTATO CHIP,52.59,52
2012,00-01-84114-11172,POTATO CHIP,52.29,21
2010,00-01-77975-08246,PRETZEL,52.239999999999995,22
2010,00-01-41780-00276,PRETZEL,52.169999999999995,33
2010,00-01-28400-04003,CORN CHIP,52.0,208
2010,07-01-28229-01292,POTATO CHIP,51.870000000000005,13
2010,00-01-77975-08245,PRETZEL,51.86,18
2012,00-01-20685-08577,POTATO CHIP,51.82,16
2010,00-01-85836-07010,POTATO CHIP,51.5,52
2011,00-03-41780-00124,POTATO CHIP,51.480000000000004,52
2010,00-01-41262-27246,RTE POPCORN,51.480000000000004,52
2011,06-01-35992-04470,SOY CRISP,51.440000000000005,22
2010,07-02-08163-95005,POTATO CHIP,50.97,24
2012,00-01-74488-44490,PORK CRACKLING,50.63,17
2010,00-01-84114-00999,POTATO CHIP,50.379999999999995,22
2010,00-03-72600-00597,TORTILLA CHIP,49.58,19
2010,00-01-00901-00007,TORTILLA CHIP,49.51,29
2011,00-01-72600-00962,POTATO CHIP,49.0,140
2010,00-03-83791-02001,POTATO CHIP,48.949999999999996,55
2012,00-01-18195-70760,POTATO CHIP,48.81,19
2010,00-01-85836-07005,POTATO CHIP,48.52,49
2011,08-01-19046-00044,PLANTAIN CHIP,48.18,22
2010,00-01-28558-12121,POTATO CHIP,47.84,16
2011,06-01-89423-00190,POTATO SNACK,47.519999999999996,18
2010,00-04-46555-00020,RTE POPCORN,47.43,17
2012,00-02-41780-00343,CHEESE SNACK,47.25,63
2010,00-04-00901-00009,TORTILLA CHIP,47.22,28
2010,07-02-28229-12345,VEGETABLE CHIP,46.52,38
2010,00-01-48564-00120,FRIED PORK RIND,46.480000000000004,41
2010,08-01-92773-00060,RTE POPCORN,46.19,18
2011,00-02-15839-00605,TORTILLA CHIP,45.39,41
2010,00-02-72600-00077,RTE POPCORN,45.26,25
2010,00-01-70271-00355,PRETZEL,44.91,9
2010,00-01-15839-00845,TORTILLA CHIP,44.65,15
2012,00-03-72170-00109,FRIED PORK RIND,44.55,45
2010,00-02-72600-00168,CORN PUFF,44.489999999999995,19
2012,00-06-43427-18104,POTATO CHIP,44.07,113
2012,07-02-48757-00001,CHEESE SNACK,43.94,26
2012,07-01-28229-78922,TARO CHIP,43.89,11
2011,07-01-10311-42631,PRETZEL,43.08,12
2010,00-02-84114-03300,POTATO CHIP,42.74,37
2011,00-01-84114-10923,POTATO CHIP,42.72,18
2010,06-01-35992-04450,SOY CRISP,42.66,14
2010,07-01-32626-10011,FRIED PORK RIND,42.589999999999996,21
2010,00-01-70236-00236,FRIED PORK RIND,42.57,43
2011,06-01-89423-00288,SALTED SNACK,42.54,108
2011,00-01-23000-36300,POTATO CHIP,42.5,17
2010,00-01-41780-01337,TORTILLA CHIP,42.480000000000004,12
2010,00-01-76784-00485,CORN POP,42.33,17
2010,00-02-00901-00002,TORTILLA CHIP,42.089999999999996,21
2010,00-01-00901-00005,TORTILLA CHIP,42.05,25
2010,07-02-08163-97205,POTATO CHIP,42.0,21
2010,00-01-28558-12123,POTATO CHIP,41.86,14
2010,00-01-28400-07056,TORTILLA CHIP,41.830000000000005,47
2010,00-02-77817-16090,CHEESE SNACK,41.769999999999996,125
2010,00-03-70415-10151,PRETZEL,41.25,55
2011,00-03-41780-00991,TORTILLA CHIP,41.17,125
2011,07-01-39748-06311,PRETZEL,40.88,12
2012,00-01-32797-00693,POTATO CHIP,40.59,11
2011,00-01-74488-44452,FRIED PORK RIND,40.18,36
2012,00-01-77817-11020,PRETZEL,40.12,120
2010,00-01-72600-00545,POTATO CHIP,39.900000000000006,10
2010,00-02-12400-00632,PORK CRACKLING,39.84,16
2010,08-01-50668-00081,POTATO CHIP,39.84,16
2011,06-01-89423-00191,POTATO SNACK,39.65,15
2010,00-02-85836-07008,POTATO CHIP,39.61,40
2010,00-04-72600-00095,POTATO CHIP,39.550000000000004,36
2012,00-03-77817-23569,POTATO CHIP,39.0,39
2010,00-01-77581-11124,RTE POPCORN,38.87,13
2010,00-01-41262-28039,CORN CHIP,38.61,39
2010,00-01-84114-03333,POTATO CHIP,38.550000000000004,37
2010,00-01-28400-04793,CORN CHIP,38.27,43
2010,00-01-93213-10101,TORTILLA CHIP,38.26,14
2011,00-01-77817-15550,TORTILLA CHIP,38.22,114
2012,00-04-77817-23462,POTATO CHIP,38.0,38
2011,00-01-72170-00139,FRIED PORK RIND,37.62,38
2011,00-01-77817-14332,RTE POPCORN,37.62,114
2010,00-01-41331-04922,TORTILLA CHIP,37.61,16
2010,00-01-83791-02014,POTATO CHIP,37.379999999999995,42
2010,00-01-00901-00003,TORTILLA CHIP,37.25,25
2010,00-01-73490-13088,PRETZEL,37.23,37
2011,00-01-70415-10176,PRETZEL,37.18,22
2012,07-01-48757-00018,CORN CHIP,37.18,22
2010,00-04-41780-00173,ASTSS SALTED SNACKS,36.95,5
2011,00-01-32797-00659,PRETZEL,36.72,21
2010,00-01-46100-00781,PRETZEL AND DIP,36.64,16
2011,00-03-72170-00109,FRIED PORK RIND,36.63,37
2012,00-01-72170-00139,FRIED PORK RIND,36.63,37
2010,00-01-72600-01925,POTATO CHIP,36.57,12
2012,07-02-08163-95005,POTATO CHIP,36.550000000000004,15
2010,00-01-77817-11860,PRETZEL,36.19,11
2011,08-01-53358-00080,RICE CRISP,36.09,15
2010,00-04-41780-00043,POTATO CHIP,36.0,48
2011,07-01-10342-45954,CHEESE SNACK,36.0,12
2010,00-01-77817-12798,PRETZEL,35.88,12
2010,00-01-27393-00951,SOY CRISP,35.769999999999996,13
2010,00-02-72600-00965,CHEESE SNACK,35.64,36
2010,07-01-57645-00100,PRETZEL,35.5,10
2010,00-01-84114-03260,POTATO CHIP,35.46,35
2012,00-01-64144-10080,RTE POPCORN,35.44,13
2011,00-01-77817-16160,CHEESE SNACK,35.26,14
2011,00-01-15839-00580,TORTILLA CHIP,35.089999999999996,11
2011,00-01-28558-72002,CHEESE SNACK,35.07,13
2010,00-01-77975-08214,PRETZEL,35.02,9
2010,00-01-84114-10597,POTATO CHIP,34.97,13
2010,00-02-77817-23298,POTATO CHIP,34.46,33
2010,00-01-73416-03531,RICE & BEAN SLTD SNK,34.39,11
2010,00-06-85836-06002,POTATO CHIP,33.83,17
2011,00-03-70415-10137,PRETZEL,33.83,17
2011,00-01-70415-10409,PRETZEL,33.54,16
2010,00-01-41780-00108,POTATO CHIP,32.91,12
2010,00-01-77581-11114,RTE POPCORN,32.89,11
2010,00-04-77975-02231,PRETZEL,32.67,33
2010,00-02-41331-04911,CASSAVA CHIP,32.61,19
2010,07-01-24923-45900,CHEESE SNACK,32.42,8
2012,07-02-48757-00003,YUCCA CHIP,32.11,19
2010,00-01-28400-07054,TORTILLA CHIP,32.04,36
2010,00-01-28400-09156,POTATO CHIP,32.04,36
2010,00-02-28400-09089,TORTILLA CHIP,32.0,128
2010,07-01-28229-01294,POTATO CHIP,31.92,8
2012,00-01-37200-00502,POTATO CHIP,31.92,8
2010,00-02-77544-82700,WHEAT SNACK,31.919999999999998,38
2010,00-01-32355-00112,FRIED PORK RIND,31.9,10
2011,00-02-15839-00604,TORTILLA CHIP,31.89,31
2010,00-04-72600-00563,POTATO CHIP,31.71,30
2011,00-01-72600-00849,POTATO CHIP,31.68,32
2012,00-01-41262-27036,RTE POPCORN,31.25,125
2012,07-02-28229-34561,POTATO CHIP,31.16,24
2010,00-03-83791-02004,POTATO CHIP,31.150000000000002,35
2010,00-01-77544-83200,WHEAT SNACK,30.97,34
2010,00-01-72600-00574,POTATO CHIP,30.68,90
2012,06-01-10572-10603,RTE POPCORN,30.51,31
2012,00-01-72600-00208,CHEESE SNACK,30.28,89
2010,00-01-77817-23040,POTATO CHIP,30.03,90
2010,08-01-56856-00103,RTE POPCORN,30.0,12
2010,00-02-41262-27733,POTATO CHIP,28.5,57
2010,00-01-28400-04011,CHEESE SNACK,28.0,112
2012,00-05-77975-02267,PRETZEL,27.94,10
2010,00-05-85836-05000,POTATO CHIP,27.86,14
2010,00-01-41780-01113,POTATO CHIP,27.75,37
2010,00-02-15665-22060,CHEESE SNACK,27.740000000000002,26
2010,00-04-85836-05001,POTATO CHIP,27.73,28
2012,06-01-89423-00273,SALTED SNACK,27.69,71
2011,00-01-41262-27185,POTATO CHIP,27.34,111
2010,00-02-84114-03320,POTATO CHIP,27.270000000000003,25
2010,00-02-76784-00486,CORN POP,27.25,55
2010,07-02-08163-21305,POTATO CHIP,26.99,13
2010,00-01-73416-03537,RICE CHIP,26.910000000000004,9
2010,00-01-24335-30420,RTE POPCORN,26.910000000000004,9
2011,07-01-39748-06312,PRETZEL,26.910000000000004,9
2012,00-01-32797-00663,PRETZEL,26.85,15
2011,00-01-74488-44490,PORK CRACKLING,26.849999999999998,24
2011,00-01-72170-00539,FRIED PORK RIND,26.73,27
2010,00-04-85836-06000,POTATO CHIP,26.669999999999998,13
2012,00-02-41780-00203,PRETZEL,26.49,35
2011,00-05-77817-16120,CHEESE SNACK,26.22,38
2010,00-01-16000-19639,SNACK MIX,26.0,26
2010,00-01-77817-14440,RTE POPCORN,25.91,26
2010,00-01-82204-00006,PRETZEL,25.87,13
2012,00-01-71146-00533,SHRIMP CHIP,25.87,13
2010,00-02-27393-00910,SOY CRISP,25.51,9
2011,00-01-28558-12130,POTATO CHIP,25.14,6
2012,07-01-10311-42633,PRETZEL,25.13,7
2010,00-05-77817-16600,CHEESE SNACK,25.0,10
2011,00-01-23000-38180,POTATO CHIP,25.0,10
2010,07-01-57645-00820,PRETZEL,25.0,10
2010,00-03-83791-02003,POTATO CHIP,24.92,28
2010,00-05-73497-16345,FRIED PORK RIND,24.9,20
2010,00-02-71123-00025,PLANTAIN CHIP,24.75,25
2010,00-03-73046-10095,POTATO CHIP,24.75,25
2010,00-01-77817-12685,PRETZEL,24.63,74
2010,00-02-77544-82500,WHEAT SNACK,24.310000000000002,30
2010,07-01-28229-67894,POTATO CHIP,23.93,7
2011,00-01-74923-40527,POTATO SNACK,23.92,8
2011,07-01-39748-06314,PRETZEL,23.92,8
2010,00-03-41780-00190,ASTSS SALTED SNACKS,23.92,8
2010,00-04-72600-00632,VEGETABLE CRISP,23.84,16
2012,00-01-41331-04938,PORK CRACKLING,23.84,16
2010,00-01-72600-00637,SNACK MIX,23.759999999999998,24
2010,00-01-41780-00078,POTATO CHIP,23.7,10
2010,00-01-77817-23583,POTATO CHIP,23.299999999999997,70
2010,07-01-32626-10020,FRIED PORK RIND,23.27,13
2010,00-03-41780-00063,POTATO CHIP,23.25,31
2010,00-02-20685-08477,POTATO CHIP,22.9,10
2010,08-01-56856-00105,RTE POPCORN,22.5,9
2011,08-01-56856-00104,RTE POPCORN,22.450000000000003,8
2010,00-01-30047-20008,RTE POPCORN,22.29,11
2012,00-01-72600-00931,POTATO CHIP,21.97,3
2010,00-01-85836-07006,POTATO CHIP,21.8,22
2010,00-01-75119-14720,PRETZEL,21.52,10
2010,00-01-93213-10301,TORTILLA CHIP,21.52,8
2011,00-01-24622-56064,FRIED PORK RIND,21.43,23
2010,07-01-28229-78920,POTATO CHIP,21.42,18
2010,00-01-77817-23283,POTATO CHIP,21.4,64
2010,00-01-77817-25300,CORN CHIP,21.36,64
2011,00-01-72600-00208,CHEESE SNACK,21.0,62
2012,00-01-41780-00323,SNACK MIX,21.0,28
2011,00-01-77975-02810,PRETZEL,20.93,7
2012,00-01-41419-71475,PRETZEL,20.790000000000003,21
2010,00-03-77975-02587,PRETZEL,20.79,21
2011,00-01-23000-36885,POTATO CHIP,20.79,63
2010,00-01-85836-06008,POTATO CHIP,20.7,10
2010,00-01-73416-03535,RICE CHIP,20.630000000000003,7
2012,07-03-55355-00101,PRETZEL,20.61,9
2010,07-01-28229-78914,POTATO CHIP,20.53,17
2010,00-03-41780-00123,POTATO CHIP,20.25,27
2010,00-03-41780-00023,POTATO CHIP,20.25,27
2012,00-01-25675-05100,WHEAT SNACK,20.25,45
2010,00-03-77975-02242,PRETZEL,19.92,8
2010,00-04-70012-11600,PRETZEL,19.9,10
2010,06-01-34129-54496,PLANTAIN CHIP,19.799999999999997,20
2010,00-02-72600-00555,PRETZEL,19.5,8
2010,00-01-75119-64725,PRETZEL,19.439999999999998,6
2010,00-01-73497-10514,FRIED PORK RIND,19.330000000000002,16
2010,00-01-77817-13064,PRETZEL,19.32,58
2010,07-01-28229-78943,POTATO CHIP,19.05,5
2011,00-03-70605-06600,PRETZEL,19.04,16
2010,00-01-64144-10080,RTE POPCORN,19.03,7
2012,06-01-89423-00272,SALTED SNACK,18.99,41
2010,00-01-27393-00956,SOY CRISP,18.92,8
2010,00-01-84114-10006,POTATO CHIP,18.83,7
2012,00-01-72170-00539,FRIED PORK RIND,18.81,19
2010,00-01-24335-21116,TORTILLA CHIP,18.75,5
2011,00-01-70415-10215,PRETZEL,18.59,11
2011,08-01-10487-00210,POTATO SNACK,18.55,15
2010,00-02-85836-06004,POTATO CHIP,18.21,9
2010,00-01-71146-00014,SHRIMP CHIP,18.11,9
2010,07-01-08163-21105,POTATO CHIP,18.0,9
2010,00-05-77975-02267,PRETZEL,17.96,8
2010,00-01-32355-00106,CHICARRONES PRK RNDS,17.94,6
2010,00-01-72600-00482,POTATO CHIP,17.82,18
2010,00-02-41262-28030,POTATO CHIP,17.82,18
2010,06-01-34129-20476,PLANTAIN CHIP,17.82,18
2010,00-01-28400-04606,PRETZEL,17.8,20
2011,00-01-78907-45039,TORTILLA CHIP,17.759999999999998,17
2012,06-01-89423-00288,SALTED SNACK,17.55,45
2011,00-01-70110-05117,PORK CRACKLING,17.450000000000003,5
2010,00-01-76784-00411,CORN POP,17.43,7
2010,07-01-28229-78941,POTATO CHIP,17.36,4
2010,00-02-52235-91707,RTE POPCORN,17.25,5
2010,00-04-77817-23462,POTATO CHIP,16.96,17
2012,00-03-72600-00538,CORN CHIP,16.830000000000002,17
2012,00-03-83791-02007,POTATO CHIP,16.830000000000002,17
2010,00-01-84114-10707,POTATO CHIP,16.74,6
2010,00-01-16000-12609,SNACK MIX,16.5,17
2012,00-01-71487-11020,POTATO CHIP,16.44,6
2010,00-01-08982-00002,PRETZEL,16.36,11
2010,00-01-93213-10201,TORTILLA CHIP,16.14,6
2010,06-01-35992-04470,SOY CRISP,16.14,6
2010,00-02-84114-00997,POTATO CHIP,16.14,6
2012,00-01-32797-00660,PRETZEL,16.11,9
2012,07-02-55355-00100,PRETZEL,16.03,7
2010,00-02-83791-02002,POTATO CHIP,16.02,18
2012,00-01-77975-08276,VEGETABLE CRISP,15.96,4
2010,00-01-77817-14040,RTE POPCORN,15.68,47
2010,00-01-77975-08213,PRETZEL,15.56,4
2010,07-01-55355-00501,VEGETABLE SNACK,15.54,6
2010,00-02-41262-27731,POTATO CHIP,15.5,31
2011,00-01-72600-00886,POTATO CHIP,15.4,44
2010,00-01-76784-00410,CORN POP,15.36,31
2010,00-02-19631-00104,FRIED PORK RIND,15.21,9
2012,00-01-81084-00006,POPCORN BALL,15.0,30
2010,07-01-57645-00600,PRETZEL,15.0,6
2010,00-01-41780-00001,POTATO CHIP,14.989999999999998,43
2010,07-01-28229-78940,POTATO CHIP,14.97,3
2012,00-03-77975-02279,PRETZEL,14.950000000000001,5
2012,00-01-72600-01866,CORN PUFF,14.850000000000001,15
2011,00-02-41262-27192,POTATO CHIP,14.85,15
2012,00-02-31146-20520,WHEAT SNACK,14.85,15
2010,00-02-30047-53301,POTATO SNACK,14.82,38
2010,00-01-77817-23498,POTATO CHIP,14.77,44
2010,00-01-75119-14722,PRETZEL,14.28,7
2010,00-01-84114-03370,POTATO CHIP,14.28,12
2012,00-01-25675-05110,ONION RING SNACK,14.200000000000001,31
2010,00-01-72600-00576,POTATO CHIP,14.16,41
2012,00-01-41419-71471,PRETZEL,13.86,14
2010,00-01-84114-00998,POTATO CHIP,13.549999999999999,5
2010,00-02-73497-11187,FRIED PORK RIND,13.43,10
2012,00-01-27393-00977,SOY CRISP,13.11,9
2010,00-01-78907-45031,TORTILLA CHIP,13.09,11
2012,00-01-41419-71472,PRETZEL,13.040000000000001,16
2010,00-01-76784-00495,CHEESE SNACK,12.95,5
2012,00-02-72600-00266,PRETZEL,12.87,13
2010,00-01-27331-00073,FRIED PORK RIND,12.84,3
2010,00-01-41780-00103,POTATO CHIP,12.75,17
2010,00-03-28400-00174,POTATO CHIP,12.46,14
2010,06-01-35992-04460,SOY CRISP,12.36,4
2011,00-01-27393-00977,SOY CRISP,12.209999999999999,9
2010,00-02-73497-03698,FRIED PORK RIND,12.0,6
2010,00-01-77789-11110,CHEESE SNACK,12.0,8
2012,07-01-39748-06312,PRETZEL,11.96,4
2012,00-01-18195-70761,POTATO CHIP,11.940000000000001,6
2010,00-02-70617-00079,CHEESE SNACK,11.94,6
2010,00-01-73046-10090,POTATO CHIP,11.88,12
2010,00-04-72600-00964,PRETZEL,11.88,12
2010,00-02-73046-10050,POTATO CHIP,11.88,12
2010,00-01-76784-00490,CHEESE SNACK,11.5,23
2012,00-03-83791-07004,POTATO CHIP,11.45,5
2010,00-02-45764-27332,RTE POPCORN,11.45,5
2010,00-01-30047-30001,RTE POPCORN,11.31,29
2010,00-01-32797-00676,POTATO CHIP,11.2,32
2011,00-01-24100-10148,PARTY MIX,11.17,3
2010,00-01-48564-00122,FRIED PORK RIND,11.16,10
2010,08-01-56856-00104,RTE POPCORN,11.16,4
2010,00-01-84114-03070,POTATO CHIP,11.16,4
2011,00-01-41262-28031,POTATO CHIP,10.89,11
2012,07-02-10311-42634,PRETZEL,10.77,3
2010,06-01-35992-04320,SOY CRISP,10.57,3
2010,00-01-73490-13084,PRETZEL,10.55,10
2010,00-01-16000-28320,CORN SNACK,10.17,3
2010,07-01-57645-00830,PRETZEL,10.0,4
2010,00-01-32797-00672,PRETZEL,10.0,40
2010,00-01-18195-70760,POTATO CHIP,9.98,4
2010,00-01-30047-11213,TORTILLA CHIP,9.95,5
2010,00-05-72600-00640,POTATO CHIP,9.9,10
2011,00-01-23000-36095,POTATO CHIP,9.9,30
2010,00-02-72600-00222,CHEESE SNACK,9.9,10
2012,00-03-41780-00991,TORTILLA CHIP,9.57,29
2010,00-01-28558-73002,CHEESE SNACK,9.57,3
2010,00-01-77817-11029,PRETZEL,9.49,1
2010,00-01-41780-00310,RTE POPCORN,9.24,12
2010,00-04-20685-08472,POTATO CHIP,9.16,4
2010,00-01-08982-00079,PRETZEL,9.03,7
2010,00-01-77789-40050,TORTILLA CHIP,9.0,6
2011,00-02-24182-52051,VEGETABLE CHIP,8.98,2
2010,01-01-81972-00051,RTE POPCORN,8.97,3
2011,00-01-15839-00883,TORTILLA CHIP,8.97,3
2010,07-01-10311-76296,PRETZEL,8.97,3
2011,00-01-75939-05063,POTATO CHIP,8.97,3
2012,00-01-32797-00659,PRETZEL,8.95,5
2010,00-02-72170-00110,PORK CRACKLING,8.91,9
2010,06-01-34129-20718,YUCA CHIP,8.91,9
2010,00-02-27393-00911,SOY CRISP,8.77,3
2010,07-01-28229-67899,POTATO CHIP,8.58,2
2010,07-01-08163-21405,POTATO CHIP,8.49,4
2010,00-02-71026-00008,PLANTAIN CHIP,8.45,5
2010,00-01-84114-10923,POTATO CHIP,8.37,3
2010,00-01-71026-00031,PLANTAIN CHIP,8.37,3
2011,00-04-82321-03013,SNACK MIX,8.2,5
2010,07-01-28229-78923,POTATO CHIP,8.18,2
2010,00-01-72600-00923,ASTSS SALTED SNACKS,7.99,1
2010,07-01-24923-45500,CHEESE SNACK,7.98,2
2012,00-01-16000-19360,SNACK MIX,7.98,2
2010,00-07-73497-26345,FRIED PORK RIND,7.98,7
2010,00-01-30047-11212,TORTILLA CHIP,7.96,4
2010,00-02-70617-00062,CHEESE SNACK,7.96,4
2010,00-02-41262-28033,POTATO CHIP,7.92,8
2010,07-02-55355-00100,PRETZEL,7.77,3
2010,00-01-30047-20018,RTE POPCORN,7.56,4
2010,00-02-15665-60122,RICE AND CORN SNACK,7.529999999999999,7
2010,00-01-70617-00076,CHEESE SNACK,7.47,3
2011,00-02-73046-90070,CHEESE SNACK,7.45,5
2012,00-01-28400-03079,POTATO CHIP,7.2700000000000005,3
2011,00-01-32797-00654,PRETZEL,7.16,4
2012,00-01-72466-74124,PRETZEL,7.14,6
2012,00-03-70605-06600,PRETZEL,7.14,6
2010,00-02-72600-00513,RTE POPCORN,7.0,20
2011,00-02-41780-00365,FRIED PORK RIND,6.99,1
2012,00-01-74923-40501,POTATO SNACK,6.99,9
2010,00-02-15839-00503,TORTILLA CHIP,6.98,2
2010,00-01-70110-05116,PORK CRACKLING,6.98,2
2010,00-01-72600-00969,PRETZEL,6.98,2
2010,06-01-34129-20729,PLANTAIN CHIP,6.930000000000001,7
2011,00-02-72995-02010,PLANTAIN CHIP,6.93,7
2012,00-01-77975-08077,PRETZEL,6.93,7
2010,00-01-20685-17000,POTATO CHIP,6.87,3
2010,00-01-16000-19333,RYE CHIP,6.78,2
2010,00-02-41331-04934,PLANTAIN CHIP,6.76,4
2010,00-02-24335-01420,CHEESE SNACK,6.57,3
2010,00-01-72600-00813,POTATO CHIP,6.46,19
2010,00-01-72600-00512,CHEESE SNACK,6.24,18
2010,07-01-28229-01301,POTATO CHIP,6.24,6
2010,00-01-72600-00575,POTATO CHIP,6.13,18
2010,00-03-72600-00622,POTATO CHIP,6.13,18
2011,00-01-28400-04306,ASTSS SALTED SNACKS,5.99,1
2010,00-01-28558-12124,POTATO CHIP,5.98,2
2012,06-01-35992-04470,SOY CRISP,5.98,2
2012,07-01-39748-06314,PRETZEL,5.98,2
2012,00-01-74923-40527,POTATO SNACK,5.98,2
2012,00-02-72600-00076,RTE POPCORN,5.97,3
2012,00-02-32797-00677,POTATO CHIP,5.97,3
2010,00-01-72600-00290,FRIED PORK RIND,5.94,6
2010,00-01-24335-01410,TORTILLA CHIP,5.79,1
2010,07-01-27430-43555,POTATO CHIP,5.79,3
2010,00-01-32355-00111,CHICARRONES PRK RNDS,5.56,4
2010,00-01-16000-15970,SNACK MIX,5.38,2
2010,06-01-89423-00190,POTATO SNACK,5.38,2
2010,00-01-73416-03534,RICE CHIP,5.28,2
2011,00-01-41262-27036,RTE POPCORN,5.2700000000000005,22
2010,00-01-43427-18115,CORN CHIP,5.18,2
2010,07-02-57645-00500,PRETZEL,5.0,2
2010,00-01-24100-10148,PARTY MIX,5.0,2
2010,00-01-18195-70761,POTATO CHIP,4.99,2
2011,00-01-16000-14690,CORN SNACK,4.96,4
2010,00-02-15839-00605,TORTILLA CHIP,4.95,5
2010,00-01-72600-00401,PRETZEL,4.9,14
2012,00-02-31146-20210,ONION RING,4.58,2
2010,00-03-41262-27112,CORN CHIP,4.5,9
2010,00-02-41262-27090,POTATO CHIP,4.5,9
2012,00-01-28400-00957,TORTILLA CHIP,4.49,1
2010,00-02-70617-00075,CHEESE SNACK,4.48,2
2010,00-01-28558-12130,POTATO CHIP,4.19,1
2012,00-01-73046-90020,RTE POPCORN,4.17,3
2010,00-02-41262-27075,POTATO CHIP,4.0,8
2010,07-01-24923-45700,CHEESE SNACK,3.99,1
2010,00-01-16000-19360,SNACK MIX,3.99,1
2010,07-01-39748-06311,PRETZEL,3.99,1
2010,07-01-33397-07506,PRETZEL,3.98,2
2010,00-01-72170-02527,PARTY MIX,3.96,4
2011,00-02-72600-00112,POTATO CHIP,3.75,5
2010,00-01-32797-00694,POTATO CHIP,3.69,1
2010,00-01-27393-00940,SOY CRISP,3.58,2
2012,00-01-15839-00595,TORTILLA CHIP,3.58,2
2012,00-01-32797-00662,PRETZEL,3.58,2
2010,00-01-27393-00978,SOY CRISP,3.58,2
2012,00-01-32797-00654,PRETZEL,3.58,2
2010,00-01-74488-44451,FRIED PORK RIND,3.57,3
2010,00-01-74488-44452,FRIED PORK RIND,3.57,3
2011,00-02-41262-27328,RTE POPCORN,3.5,7
2010,00-02-41262-27432,CHEESE SNACK,3.5,7
2010,00-02-41262-27043,CHEESE SNACK,3.5,14
2010,07-01-33397-07108,PRETZEL,3.49,1
2011,00-01-27331-02057,TOSTADA CHIP,3.38,1
2011,00-02-32797-00677,POTATO CHIP,3.38,2
2010,00-01-71146-31111,SNOW PEA CRISP,3.38,2
2010,00-01-96786-20362,WHEAT SNACK,3.36,2
2011,00-01-24335-06209,TORTILLA CHIP,3.29,1
2010,00-02-24335-21126,TORTILLA CHIP,3.29,1
2010,00-04-82321-03013,SNACK MIX,3.28,2
2010,00-01-28558-72002,CHEESE SNACK,3.19,1
2010,00-01-14809-10703,WHEAT SNACK,3.19,1
2012,00-02-73046-90070,CHEESE SNACK,3.1799999999999997,2
2011,00-02-20685-08485,POTATO CHIP,3.16,4
2010,00-04-41780-00061,POTATO CHIP,3.1300000000000003,9
2011,07-01-27430-43555,POTATO CHIP,3.0,2
2012,00-01-40129-20022,SNACK MIX,3.0,3
2011,00-01-28400-01311,POTATO CHIP,2.99,1
2010,00-01-28400-01311,POTATO CHIP,2.99,1
2012,07-01-39748-06311,PRETZEL,2.99,1
2012,08-01-56856-00104,RTE POPCORN,2.99,1
2012,00-01-31146-21100,POTATO SNACK,2.9699999999999998,3
2010,00-01-43427-18134,TORTILLA CHIP,2.94,6
2011,00-01-93213-20101,HUMMUS CHIP,2.89,1
2012,00-02-72600-00112,POTATO CHIP,2.88,4
2010,00-02-84114-00994,POTATO CHIP,2.79,1
2012,00-01-37000-37725,POTATO CRISP,2.79,1
2010,07-02-10311-50812,PRETZEL,2.79,1
2011,00-01-37000-37725,POTATO CRISP,2.79,1
2010,06-01-89423-00288,SALTED SNACK,2.76,7
2010,00-01-77817-16638,CHEESE SNACK,2.67,8
2011,07-03-55355-00101,PRETZEL,2.59,1
2010,08-01-10487-00210,POTATO SNACK,2.58,2
2010,00-02-72600-00583,PRETZEL,2.5,1
2011,00-02-41780-00221,PRETZEL,2.5,1
2011,00-01-16000-19415,SNACK MIX,2.49,1
2012,07-01-08163-21405,POTATO CHIP,2.49,1
2012,00-06-85836-06002,POTATO CHIP,2.49,1
2010,00-01-72600-00585,TORTILLA CHIP,2.1,6
2012,00-01-77975-08210,PRETZEL,2.07,3
2011,07-02-28229-34561,POTATO CHIP,2.03,7
2010,00-02-41262-27124,POTATO CHIP,2.0,8
2010,00-02-41262-27433,CHEESE SNACK,2.0,4
2010,00-01-45764-27336,RTE POPCORN,2.0,1
2012,00-01-24100-10148,PARTY MIX,1.99,1
2011,00-03-71026-00030,PLANTAIN CHIP,1.99,1
2010,00-05-41780-00335,CORN CHIP,1.98,2
2010,00-03-21900-06810,CORN SNACK,1.98,2
2012,00-01-72600-00719,POTATO CHIP,1.98,2
2010,00-01-72600-00642,PRETZEL,1.98,2
2010,00-01-72170-00539,FRIED PORK RIND,1.98,2
2012,00-01-77975-08076,PRETZEL,1.98,2
2012,00-01-77079-00001,FRIED PORK RIND,1.98,2
2010,00-02-15839-00600,TORTILLA CHIP,1.98,2
2010,00-01-30047-53202,POTATO SNACK,1.79,1
2010,00-01-32797-00663,PRETZEL,1.79,1
2011,00-03-20685-12370,POTATO CHIP,1.77,3
2012,00-03-20685-08471,POTATO CHIP,1.77,3
2011,00-01-90939-02529,RTE POPCORN,1.76,2
2010,00-03-41780-00341,CHEESE SNACK,1.65,5
2011,00-01-74923-40501,POTATO SNACK,1.58,2
2010,00-03-41262-27106,POTATO CHIP,1.5,3
2010,00-02-41262-27732,POTATO CHIP,1.5,3
2010,00-01-41262-27181,POTATO CHIP,1.5,3
2010,00-01-41262-27217,POTATO CHIP,1.5,3
2010,06-01-13008-71490,TORTILLA CHIP & DIP,1.49,1
2010,00-01-72600-00886,POTATO CHIP,1.4,4
2010,00-01-72600-00208,CHEESE SNACK,1.37,4
2011,00-03-73046-89035,POTATO CHIP,1.19,1
2010,00-01-73046-90005,RTE POPCORN,1.19,1
2010,00-03-72600-00225,RTE POPCORN,1.19,1
2011,00-02-70605-06500,PRETZEL,1.19,1
2012,00-03-73046-89035,POTATO CHIP,1.19,1
2011,00-03-20685-08471,POTATO CHIP,1.18,2
2011,00-01-41262-27064,CORN CHIP,1.0,4
2012,00-03-44000-00107,PRETZEL,1.0,1
2010,00-03-72600-00967,RTE POPCORN,0.99,1
2011,07-01-06517-00023,FRIED PORK RIND,0.99,1
2011,00-04-41780-00373,FRIED PORK RIND,0.99,1
2010,00-03-72600-00985,RTE POPCORN,0.99,1
2012,00-01-41780-01124,POTATO CHIP,0.99,1
2010,00-03-70236-00237,FRIED PORK RIND,0.99,1
2011,00-01-72600-01866,CORN PUFF,0.99,1
2011,00-01-73046-90020,RTE POPCORN,0.99,1
2010,00-03-73046-89087,POTATO CHIP,0.99,1
2011,00-01-77975-08077,PRETZEL,0.99,1
2010,00-01-96786-20340,CORN SNACK,0.99,1
2011,00-01-96786-20340,CORN SNACK,0.99,1
2010,00-01-72600-00247,CHEESE SNACK,0.99,1
2010,00-01-72600-00861,CORN PUFF,0.99,1
2011,00-04-28400-00167,CORN CHIP,0.89,1
2010,06-01-89423-00272,SALTED SNACK,0.78,2
2010,00-01-72600-00962,POTATO CHIP,0.7,2
2010,00-01-32797-00675,POTATO CHIP,0.7,2
2012,00-03-20685-12370,POTATO CHIP,0.59,1
2011,00-01-77544-82728,SALTED SNACK,0.59,1
2011,00-01-77544-82828,SALTED SNACK,0.59,1
2010,00-01-41262-27436,RTE POPCORN,0.5,1
2010,06-01-89423-00273,SALTED SNACK,0.4,1
2010,00-01-77817-15550,TORTILLA CHIP,0.34,1
2011,00-02-41262-27371,CORN SNACK,0.25,1
2012,00-02-41780-00601,POTATO CHIP,0.25,1
2011,00-01-52235-91710,RTE POPCORN,0.1,1
